Added Component: Designator=C?(FP-C0603C-CF-MFG)
Add component (AddParameter): Name = "Automotive"; Value = "Yes"; VariantName = "[No Variations]"
Add component (AddParameter): Name = "Automotive Grade"; Value = "Grade 1"; VariantName = "[No Variations]"
Add component (AddParameter): Name = "Capacitance"; Value = "10,000 pF"; VariantName = "[No Variations]"
Add component (AddParameter): Name = "Category"; Value = "Cap"; VariantName = "[No Variations]"
Add component (AddParameter): Name = "ComponentLink2Description"; Value = "Datasheet"; VariantName = "[No Variations]"
Add component (AddParameter): Name = "ComponentLink2URL"; Value = "https://api.kemet.com/component-edge/download/datasheet/C0603C100J5GACAUTO.pdf"; VariantName = "[No Variations]"
Add component (AddParameter): Name = "Device Class L1"; Value = "Passive Components"; VariantName = "[No Variations]"
Add component (AddParameter): Name = "Device Class L2"; Value = "Capacitors"; VariantName = "[No Variations]"
Add component (AddParameter): Name = "Device Class L3"; Value = "Ceramic Capacitors"; VariantName = "[No Variations]"
Add component (AddParameter): Name = "Height"; Value = "0.87mm"; VariantName = "[No Variations]"
Add component (AddParameter): Name = "Lead Free"; Value = "Yes"; VariantName = "[No Variations]"
Add component (AddParameter): Name = "Manufacturer"; Value = "KEMET"; VariantName = "[No Variations]"
Add component (AddParameter): Name = "Manufacturer Part Number"; Value = "C0603C103J3GACAUTO"; VariantName = "[No Variations]"
Add component (AddParameter): Name = "Material"; Value = "Ceramic"; VariantName = "[No Variations]"
Add component (AddParameter): Name = "Mouser Description"; Value = "Cap Ceramic 0.01uF 25V C0G 5% Pad SMD 0603 125C Automotive T/R"; VariantName = "[No Variations]"
Add component (AddParameter): Name = "Octopart"; Value = "https://octopart.com/c0603c103j3gacauto-kemet-75532652"; VariantName = "[No Variations]"
Add component (AddParameter): Name = "Package"; Value = "C0603C-CF"; VariantName = "[No Variations]"
Add component (AddParameter): Name = "RoHS"; Value = "TRUE"; VariantName = "[No Variations]"
Add component (AddParameter): Name = "Temperature"; Value = "-55°C to +125°C"; VariantName = "[No Variations]"
Add component (AddParameter): Name = "Temperature Characteristic"; Value = "C0G"; VariantName = "[No Variations]"
Add component (AddParameter): Name = "Temperature Coefficient"; Value = "30ppm/°C"; VariantName = "[No Variations]"
Add component (AddParameter): Name = "Temperature Range High"; Value = "+125°C"; VariantName = "[No Variations]"
Add component (AddParameter): Name = "Temperature Range Low"; Value = "-55°C"; VariantName = "[No Variations]"
Add component (AddParameter): Name = "Tolerance"; Value = "0.05"; VariantName = "[No Variations]"
Add component (AddParameter): Name = "Value"; Value = "10,000 pF"; VariantName = "[No Variations]"
Add component (AddParameter): Name = "Voltage Rating"; Value = "25 V"; VariantName = "[No Variations]"
Added Component: Designator=C?(FP-C0603C-CF-MFG)
Add component (AddParameter): Name = "Automotive"; Value = "Yes"; VariantName = "[No Variations]"
Add component (AddParameter): Name = "Automotive Grade"; Value = "Grade 1"; VariantName = "[No Variations]"
Add component (AddParameter): Name = "Capacitance"; Value = "0.10 µF"; VariantName = "[No Variations]"
Add component (AddParameter): Name = "Category"; Value = "Cap"; VariantName = "[No Variations]"
Add component (AddParameter): Name = "ComponentLink2Description"; Value = "Datasheet"; VariantName = "[No Variations]"
Add component (AddParameter): Name = "ComponentLink2URL"; Value = "https://api.kemet.com/component-edge/download/datasheet/C0603C100J5GACAUTO.pdf"; VariantName = "[No Variations]"
Add component (AddParameter): Name = "Device Class L1"; Value = "Passive Components"; VariantName = "[No Variations]"
Add component (AddParameter): Name = "Device Class L2"; Value = "Capacitors"; VariantName = "[No Variations]"
Add component (AddParameter): Name = "Device Class L3"; Value = "Ceramic Capacitors"; VariantName = "[No Variations]"
Add component (AddParameter): Name = "Digikey Description"; Value = "CAP CER 0.1UF 25V X7R 0603"; VariantName = "[No Variations]"
Add component (AddParameter): Name = "Height"; Value = "0.87mm"; VariantName = "[No Variations]"
Add component (AddParameter): Name = "Lead Free"; Value = "Yes"; VariantName = "[No Variations]"
Add component (AddParameter): Name = "Manufacturer"; Value = "KEMET"; VariantName = "[No Variations]"
Add component (AddParameter): Name = "Manufacturer Part Number"; Value = "C0603C104K3RACAUTO"; VariantName = "[No Variations]"
Add component (AddParameter): Name = "Material"; Value = "Ceramic"; VariantName = "[No Variations]"
Add component (AddParameter): Name = "Mouser Description"; Value = "Multilayer Ceramic Capacitors MLCC - SMD/SMT 0.1uF 25volts 10% X7R AUTO"; VariantName = "[No Variations]"
Add component (AddParameter): Name = "Octopart"; Value = "https://octopart.com/c0603c104k3racauto-kemet-12595587"; VariantName = "[No Variations]"
Add component (AddParameter): Name = "Package"; Value = "C0603C-CF"; VariantName = "[No Variations]"
Add component (AddParameter): Name = "RoHS"; Value = "TRUE"; VariantName = "[No Variations]"
Add component (AddParameter): Name = "Temperature"; Value = "-55°C to +125°C"; VariantName = "[No Variations]"
Add component (AddParameter): Name = "Temperature Characteristic"; Value = "X7R"; VariantName = "[No Variations]"
Add component (AddParameter): Name = "Temperature Coefficient"; Value = "30ppm/°C"; VariantName = "[No Variations]"
Add component (AddParameter): Name = "Temperature Range High"; Value = "+125°C"; VariantName = "[No Variations]"
Add component (AddParameter): Name = "Temperature Range Low"; Value = "-55°C"; VariantName = "[No Variations]"
Add component (AddParameter): Name = "Tolerance"; Value = "0.1"; VariantName = "[No Variations]"
Add component (AddParameter): Name = "Value"; Value = "0.10 µF"; VariantName = "[No Variations]"
Add component (AddParameter): Name = "Voltage Rating"; Value = "25 V"; VariantName = "[No Variations]"
Added Component: Designator=C?(FP-GRM188-0_2-IPC_A)
Added Component: Designator=C?(FP-0603B104K500CT-IPC_C)
Add component (AddParameter): Name = "Capacitance"; Value = "100nF"; VariantName = "[No Variations]"
Add component (AddParameter): Name = "Case Code (Imperial)"; Value = "0603"; VariantName = "[No Variations]"
Add component (AddParameter): Name = "Case Code (Metric)"; Value = "1608"; VariantName = "[No Variations]"
Add component (AddParameter): Name = "Case/Package"; Value = "0603"; VariantName = "[No Variations]"
Add component (AddParameter): Name = "Depth"; Value = "0.8mm"; VariantName = "[No Variations]"
Add component (AddParameter): Name = "Dielectric"; Value = "X7R"; VariantName = "[No Variations]"
Add component (AddParameter): Name = "Lead Free"; Value = "Lead Free"; VariantName = "[No Variations]"
Add component (AddParameter): Name = "Length"; Value = "1.6mm"; VariantName = "[No Variations]"
Add component (AddParameter): Name = "Max Operating Temperature"; Value = "125°C"; VariantName = "[No Variations]"
Add component (AddParameter): Name = "Min Operating Temperature"; Value = "-55°C"; VariantName = "[No Variations]"
Add component (AddParameter): Name = "Packaging"; Value = "Tape and Reel"; VariantName = "[No Variations]"
Add component (AddParameter): Name = "Radiation Hardening"; Value = "No"; VariantName = "[No Variations]"
Add component (AddParameter): Name = "RoHS Compliant"; Value = "Yes"; VariantName = "[No Variations]"
Add component (AddParameter): Name = "Series"; Value = "-"; VariantName = "[No Variations]"
Add component (AddParameter): Name = "Tolerance"; Value = "10%"; VariantName = "[No Variations]"
Add component (AddParameter): Name = "Voltage Rating"; Value = "50V"; VariantName = "[No Variations]"
Add component (AddParameter): Name = "Voltage Rating (DC)"; Value = "50V"; VariantName = "[No Variations]"
Added Component: Designator=C?(FP-GRM21B-0_2-e0_2_0_7-MFG)
Added Component: Designator=C?(FP-0603B104K500CT-IPC_C)
Add component (AddParameter): Name = "Capacitance"; Value = "100nF"; VariantName = "[No Variations]"
Add component (AddParameter): Name = "Case Code (Imperial)"; Value = "0603"; VariantName = "[No Variations]"
Add component (AddParameter): Name = "Case Code (Metric)"; Value = "1608"; VariantName = "[No Variations]"
Add component (AddParameter): Name = "Case/Package"; Value = "0603"; VariantName = "[No Variations]"
Add component (AddParameter): Name = "Depth"; Value = "0.8mm"; VariantName = "[No Variations]"
Add component (AddParameter): Name = "Dielectric"; Value = "X7R"; VariantName = "[No Variations]"
Add component (AddParameter): Name = "Lead Free"; Value = "Lead Free"; VariantName = "[No Variations]"
Add component (AddParameter): Name = "Length"; Value = "1.6mm"; VariantName = "[No Variations]"
Add component (AddParameter): Name = "Max Operating Temperature"; Value = "125°C"; VariantName = "[No Variations]"
Add component (AddParameter): Name = "Min Operating Temperature"; Value = "-55°C"; VariantName = "[No Variations]"
Add component (AddParameter): Name = "Packaging"; Value = "Tape and Reel"; VariantName = "[No Variations]"
Add component (AddParameter): Name = "Radiation Hardening"; Value = "No"; VariantName = "[No Variations]"
Add component (AddParameter): Name = "RoHS Compliant"; Value = "Yes"; VariantName = "[No Variations]"
Add component (AddParameter): Name = "Series"; Value = "-"; VariantName = "[No Variations]"
Add component (AddParameter): Name = "Tolerance"; Value = "10%"; VariantName = "[No Variations]"
Add component (AddParameter): Name = "Voltage Rating"; Value = "50V"; VariantName = "[No Variations]"
Add component (AddParameter): Name = "Voltage Rating (DC)"; Value = "50V"; VariantName = "[No Variations]"
Added Component: Designator=C?(FP-GRM21B-0_2-e0_2_0_7-MFG)
Added Component: Designator=C?(CAPC1608X95X35NL15T15)
Add component (AddParameter): Name = "Manufacturer"; Value = "Kemet"; VariantName = "[No Variations]"
Add component (AddParameter): Name = "Part Number"; Value = "C0603C105M3RACTU"; VariantName = "[No Variations]"
Added Component: Designator=C?(FP-C0603C-CF-MFG)
Add component (AddParameter): Name = "Automotive"; Value = "Yes"; VariantName = "[No Variations]"
Add component (AddParameter): Name = "Automotive Grade"; Value = "Grade 1"; VariantName = "[No Variations]"
Add component (AddParameter): Name = "Capacitance"; Value = "1,000 pF"; VariantName = "[No Variations]"
Add component (AddParameter): Name = "Category"; Value = "Cap"; VariantName = "[No Variations]"
Add component (AddParameter): Name = "ComponentLink2Description"; Value = "Datasheet"; VariantName = "[No Variations]"
Add component (AddParameter): Name = "ComponentLink2URL"; Value = "https://api.kemet.com/component-edge/download/datasheet/C0603C100J5GACAUTO.pdf"; VariantName = "[No Variations]"
Add component (AddParameter): Name = "Device Class L1"; Value = "Passive Components"; VariantName = "[No Variations]"
Add component (AddParameter): Name = "Device Class L2"; Value = "Capacitors"; VariantName = "[No Variations]"
Add component (AddParameter): Name = "Device Class L3"; Value = "Ceramic Capacitors"; VariantName = "[No Variations]"
Add component (AddParameter): Name = "Digikey Description"; Value = "CAP CER 1000PF 50V X7R 0603"; VariantName = "[No Variations]"
Add component (AddParameter): Name = "Height"; Value = "0.87mm"; VariantName = "[No Variations]"
Add component (AddParameter): Name = "Lead Free"; Value = "Yes"; VariantName = "[No Variations]"
Add component (AddParameter): Name = "Manufacturer"; Value = "KEMET"; VariantName = "[No Variations]"
Add component (AddParameter): Name = "Manufacturer Part Number"; Value = "C0603C102K5RACAUTO"; VariantName = "[No Variations]"
Add component (AddParameter): Name = "Material"; Value = "Ceramic"; VariantName = "[No Variations]"
Add component (AddParameter): Name = "Mouser Description"; Value = "Multilayer Ceramic Capacitors MLCC - SMD/SMT 1000pF 50volts 10% X7R AUTO"; VariantName = "[No Variations]"
Add component (AddParameter): Name = "Octopart"; Value = "https://octopart.com/c0603c102k5racauto-kemet-18822673"; VariantName = "[No Variations]"
Add component (AddParameter): Name = "Package"; Value = "C0603C-CF"; VariantName = "[No Variations]"
Add component (AddParameter): Name = "RoHS"; Value = "TRUE"; VariantName = "[No Variations]"
Add component (AddParameter): Name = "Temperature"; Value = "-55°C to +125°C"; VariantName = "[No Variations]"
Add component (AddParameter): Name = "Temperature Characteristic"; Value = "X7R"; VariantName = "[No Variations]"
Add component (AddParameter): Name = "Temperature Coefficient"; Value = "30ppm/°C"; VariantName = "[No Variations]"
Add component (AddParameter): Name = "Temperature Range High"; Value = "+125°C"; VariantName = "[No Variations]"
Add component (AddParameter): Name = "Temperature Range Low"; Value = "-55°C"; VariantName = "[No Variations]"
Add component (AddParameter): Name = "Tolerance"; Value = "0.1"; VariantName = "[No Variations]"
Add component (AddParameter): Name = "Value"; Value = "1,000 pF"; VariantName = "[No Variations]"
Add component (AddParameter): Name = "Voltage Rating"; Value = "50 V"; VariantName = "[No Variations]"
Added Component: Designator=C?(FP-C0603C-CF-MFG)
Add component (AddParameter): Name = "Automotive"; Value = "Yes"; VariantName = "[No Variations]"
Add component (AddParameter): Name = "Automotive Grade"; Value = "Grade 1"; VariantName = "[No Variations]"
Add component (AddParameter): Name = "Capacitance"; Value = "0.10 µF"; VariantName = "[No Variations]"
Add component (AddParameter): Name = "Category"; Value = "Cap"; VariantName = "[No Variations]"
Add component (AddParameter): Name = "ComponentLink2Description"; Value = "Datasheet"; VariantName = "[No Variations]"
Add component (AddParameter): Name = "ComponentLink2URL"; Value = "https://api.kemet.com/component-edge/download/datasheet/C0603C100J5GACAUTO.pdf"; VariantName = "[No Variations]"
Add component (AddParameter): Name = "Device Class L1"; Value = "Passive Components"; VariantName = "[No Variations]"
Add component (AddParameter): Name = "Device Class L2"; Value = "Capacitors"; VariantName = "[No Variations]"
Add component (AddParameter): Name = "Device Class L3"; Value = "Ceramic Capacitors"; VariantName = "[No Variations]"
Add component (AddParameter): Name = "Digikey Description"; Value = "CAP CER 0.1UF 25V X7R 0603"; VariantName = "[No Variations]"
Add component (AddParameter): Name = "Height"; Value = "0.87mm"; VariantName = "[No Variations]"
Add component (AddParameter): Name = "Lead Free"; Value = "Yes"; VariantName = "[No Variations]"
Add component (AddParameter): Name = "Manufacturer"; Value = "KEMET"; VariantName = "[No Variations]"
Add component (AddParameter): Name = "Manufacturer Part Number"; Value = "C0603C104K3RACAUTO"; VariantName = "[No Variations]"
Add component (AddParameter): Name = "Material"; Value = "Ceramic"; VariantName = "[No Variations]"
Add component (AddParameter): Name = "Mouser Description"; Value = "Multilayer Ceramic Capacitors MLCC - SMD/SMT 0.1uF 25volts 10% X7R AUTO"; VariantName = "[No Variations]"
Add component (AddParameter): Name = "Octopart"; Value = "https://octopart.com/c0603c104k3racauto-kemet-12595587"; VariantName = "[No Variations]"
Add component (AddParameter): Name = "Package"; Value = "C0603C-CF"; VariantName = "[No Variations]"
Add component (AddParameter): Name = "RoHS"; Value = "TRUE"; VariantName = "[No Variations]"
Add component (AddParameter): Name = "Temperature"; Value = "-55°C to +125°C"; VariantName = "[No Variations]"
Add component (AddParameter): Name = "Temperature Characteristic"; Value = "X7R"; VariantName = "[No Variations]"
Add component (AddParameter): Name = "Temperature Coefficient"; Value = "30ppm/°C"; VariantName = "[No Variations]"
Add component (AddParameter): Name = "Temperature Range High"; Value = "+125°C"; VariantName = "[No Variations]"
Add component (AddParameter): Name = "Temperature Range Low"; Value = "-55°C"; VariantName = "[No Variations]"
Add component (AddParameter): Name = "Tolerance"; Value = "0.1"; VariantName = "[No Variations]"
Add component (AddParameter): Name = "Value"; Value = "0.10 µF"; VariantName = "[No Variations]"
Add component (AddParameter): Name = "Voltage Rating"; Value = "25 V"; VariantName = "[No Variations]"
Added Component: Designator=C?(FP-C0603C-CF-MFG)
Add component (AddParameter): Name = "Automotive"; Value = "Yes"; VariantName = "[No Variations]"
Add component (AddParameter): Name = "Automotive Grade"; Value = "Grade 1"; VariantName = "[No Variations]"
Add component (AddParameter): Name = "Capacitance"; Value = "1,000 pF"; VariantName = "[No Variations]"
Add component (AddParameter): Name = "Category"; Value = "Cap"; VariantName = "[No Variations]"
Add component (AddParameter): Name = "ComponentLink2Description"; Value = "Datasheet"; VariantName = "[No Variations]"
Add component (AddParameter): Name = "ComponentLink2URL"; Value = "https://api.kemet.com/component-edge/download/datasheet/C0603C100J5GACAUTO.pdf"; VariantName = "[No Variations]"
Add component (AddParameter): Name = "Device Class L1"; Value = "Passive Components"; VariantName = "[No Variations]"
Add component (AddParameter): Name = "Device Class L2"; Value = "Capacitors"; VariantName = "[No Variations]"
Add component (AddParameter): Name = "Device Class L3"; Value = "Ceramic Capacitors"; VariantName = "[No Variations]"
Add component (AddParameter): Name = "Digikey Description"; Value = "CAP CER 1000PF 50V X7R 0603"; VariantName = "[No Variations]"
Add component (AddParameter): Name = "Height"; Value = "0.87mm"; VariantName = "[No Variations]"
Add component (AddParameter): Name = "Lead Free"; Value = "Yes"; VariantName = "[No Variations]"
Add component (AddParameter): Name = "Manufacturer"; Value = "KEMET"; VariantName = "[No Variations]"
Add component (AddParameter): Name = "Manufacturer Part Number"; Value = "C0603C102K5RACAUTO"; VariantName = "[No Variations]"
Add component (AddParameter): Name = "Material"; Value = "Ceramic"; VariantName = "[No Variations]"
Add component (AddParameter): Name = "Mouser Description"; Value = "Multilayer Ceramic Capacitors MLCC - SMD/SMT 1000pF 50volts 10% X7R AUTO"; VariantName = "[No Variations]"
Add component (AddParameter): Name = "Octopart"; Value = "https://octopart.com/c0603c102k5racauto-kemet-18822673"; VariantName = "[No Variations]"
Add component (AddParameter): Name = "Package"; Value = "C0603C-CF"; VariantName = "[No Variations]"
Add component (AddParameter): Name = "RoHS"; Value = "TRUE"; VariantName = "[No Variations]"
Add component (AddParameter): Name = "Temperature"; Value = "-55°C to +125°C"; VariantName = "[No Variations]"
Add component (AddParameter): Name = "Temperature Characteristic"; Value = "X7R"; VariantName = "[No Variations]"
Add component (AddParameter): Name = "Temperature Coefficient"; Value = "30ppm/°C"; VariantName = "[No Variations]"
Add component (AddParameter): Name = "Temperature Range High"; Value = "+125°C"; VariantName = "[No Variations]"
Add component (AddParameter): Name = "Temperature Range Low"; Value = "-55°C"; VariantName = "[No Variations]"
Add component (AddParameter): Name = "Tolerance"; Value = "0.1"; VariantName = "[No Variations]"
Add component (AddParameter): Name = "Value"; Value = "1,000 pF"; VariantName = "[No Variations]"
Add component (AddParameter): Name = "Voltage Rating"; Value = "50 V"; VariantName = "[No Variations]"
Added Component: Designator=C?(FP-C0603C-CF-MFG)
Add component (AddParameter): Name = "Automotive"; Value = "Yes"; VariantName = "[No Variations]"
Add component (AddParameter): Name = "Automotive Grade"; Value = "Grade 1"; VariantName = "[No Variations]"
Add component (AddParameter): Name = "Capacitance"; Value = "0.10 µF"; VariantName = "[No Variations]"
Add component (AddParameter): Name = "Category"; Value = "Cap"; VariantName = "[No Variations]"
Add component (AddParameter): Name = "ComponentLink2Description"; Value = "Datasheet"; VariantName = "[No Variations]"
Add component (AddParameter): Name = "ComponentLink2URL"; Value = "https://api.kemet.com/component-edge/download/datasheet/C0603C100J5GACAUTO.pdf"; VariantName = "[No Variations]"
Add component (AddParameter): Name = "Device Class L1"; Value = "Passive Components"; VariantName = "[No Variations]"
Add component (AddParameter): Name = "Device Class L2"; Value = "Capacitors"; VariantName = "[No Variations]"
Add component (AddParameter): Name = "Device Class L3"; Value = "Ceramic Capacitors"; VariantName = "[No Variations]"
Add component (AddParameter): Name = "Digikey Description"; Value = "CAP CER 0.1UF 25V X7R 0603"; VariantName = "[No Variations]"
Add component (AddParameter): Name = "Height"; Value = "0.87mm"; VariantName = "[No Variations]"
Add component (AddParameter): Name = "Lead Free"; Value = "Yes"; VariantName = "[No Variations]"
Add component (AddParameter): Name = "Manufacturer"; Value = "KEMET"; VariantName = "[No Variations]"
Add component (AddParameter): Name = "Manufacturer Part Number"; Value = "C0603C104K3RACAUTO"; VariantName = "[No Variations]"
Add component (AddParameter): Name = "Material"; Value = "Ceramic"; VariantName = "[No Variations]"
Add component (AddParameter): Name = "Mouser Description"; Value = "Multilayer Ceramic Capacitors MLCC - SMD/SMT 0.1uF 25volts 10% X7R AUTO"; VariantName = "[No Variations]"
Add component (AddParameter): Name = "Octopart"; Value = "https://octopart.com/c0603c104k3racauto-kemet-12595587"; VariantName = "[No Variations]"
Add component (AddParameter): Name = "Package"; Value = "C0603C-CF"; VariantName = "[No Variations]"
Add component (AddParameter): Name = "RoHS"; Value = "TRUE"; VariantName = "[No Variations]"
Add component (AddParameter): Name = "Temperature"; Value = "-55°C to +125°C"; VariantName = "[No Variations]"
Add component (AddParameter): Name = "Temperature Characteristic"; Value = "X7R"; VariantName = "[No Variations]"
Add component (AddParameter): Name = "Temperature Coefficient"; Value = "30ppm/°C"; VariantName = "[No Variations]"
Add component (AddParameter): Name = "Temperature Range High"; Value = "+125°C"; VariantName = "[No Variations]"
Add component (AddParameter): Name = "Temperature Range Low"; Value = "-55°C"; VariantName = "[No Variations]"
Add component (AddParameter): Name = "Tolerance"; Value = "0.1"; VariantName = "[No Variations]"
Add component (AddParameter): Name = "Value"; Value = "0.10 µF"; VariantName = "[No Variations]"
Add component (AddParameter): Name = "Voltage Rating"; Value = "25 V"; VariantName = "[No Variations]"
Added Component: Designator=C?(FP-C0603C-CF-MFG)
Add component (AddParameter): Name = "Automotive"; Value = "Yes"; VariantName = "[No Variations]"
Add component (AddParameter): Name = "Automotive Grade"; Value = "Grade 1"; VariantName = "[No Variations]"
Add component (AddParameter): Name = "Capacitance"; Value = "1,000 pF"; VariantName = "[No Variations]"
Add component (AddParameter): Name = "Category"; Value = "Cap"; VariantName = "[No Variations]"
Add component (AddParameter): Name = "ComponentLink2Description"; Value = "Datasheet"; VariantName = "[No Variations]"
Add component (AddParameter): Name = "ComponentLink2URL"; Value = "https://api.kemet.com/component-edge/download/datasheet/C0603C100J5GACAUTO.pdf"; VariantName = "[No Variations]"
Add component (AddParameter): Name = "Device Class L1"; Value = "Passive Components"; VariantName = "[No Variations]"
Add component (AddParameter): Name = "Device Class L2"; Value = "Capacitors"; VariantName = "[No Variations]"
Add component (AddParameter): Name = "Device Class L3"; Value = "Ceramic Capacitors"; VariantName = "[No Variations]"
Add component (AddParameter): Name = "Digikey Description"; Value = "CAP CER 1000PF 50V X7R 0603"; VariantName = "[No Variations]"
Add component (AddParameter): Name = "Height"; Value = "0.87mm"; VariantName = "[No Variations]"
Add component (AddParameter): Name = "Lead Free"; Value = "Yes"; VariantName = "[No Variations]"
Add component (AddParameter): Name = "Manufacturer"; Value = "KEMET"; VariantName = "[No Variations]"
Add component (AddParameter): Name = "Manufacturer Part Number"; Value = "C0603C102K5RACAUTO"; VariantName = "[No Variations]"
Add component (AddParameter): Name = "Material"; Value = "Ceramic"; VariantName = "[No Variations]"
Add component (AddParameter): Name = "Mouser Description"; Value = "Multilayer Ceramic Capacitors MLCC - SMD/SMT 1000pF 50volts 10% X7R AUTO"; VariantName = "[No Variations]"
Add component (AddParameter): Name = "Octopart"; Value = "https://octopart.com/c0603c102k5racauto-kemet-18822673"; VariantName = "[No Variations]"
Add component (AddParameter): Name = "Package"; Value = "C0603C-CF"; VariantName = "[No Variations]"
Add component (AddParameter): Name = "RoHS"; Value = "TRUE"; VariantName = "[No Variations]"
Add component (AddParameter): Name = "Temperature"; Value = "-55°C to +125°C"; VariantName = "[No Variations]"
Add component (AddParameter): Name = "Temperature Characteristic"; Value = "X7R"; VariantName = "[No Variations]"
Add component (AddParameter): Name = "Temperature Coefficient"; Value = "30ppm/°C"; VariantName = "[No Variations]"
Add component (AddParameter): Name = "Temperature Range High"; Value = "+125°C"; VariantName = "[No Variations]"
Add component (AddParameter): Name = "Temperature Range Low"; Value = "-55°C"; VariantName = "[No Variations]"
Add component (AddParameter): Name = "Tolerance"; Value = "0.1"; VariantName = "[No Variations]"
Add component (AddParameter): Name = "Value"; Value = "1,000 pF"; VariantName = "[No Variations]"
Add component (AddParameter): Name = "Voltage Rating"; Value = "50 V"; VariantName = "[No Variations]"
Added Component: Designator=C?(FP-GRM155-0_05-MFG)
Added Component: Designator=C?(FP-GRM21B-0_2-e0_2_0_7-MFG)
Added Component: Designator=C?(FP-GRM21B-0_2-e0_2_0_7-MFG)
Added Component: Designator=C?(FP-C0603C-CF-MFG)
Add component (AddParameter): Name = "Automotive"; Value = "Yes"; VariantName = "[No Variations]"
Add component (AddParameter): Name = "Automotive Grade"; Value = "Grade 1"; VariantName = "[No Variations]"
Add component (AddParameter): Name = "Capacitance"; Value = "47,000 pF"; VariantName = "[No Variations]"
Add component (AddParameter): Name = "Category"; Value = "Cap"; VariantName = "[No Variations]"
Add component (AddParameter): Name = "ComponentLink2Description"; Value = "Datasheet"; VariantName = "[No Variations]"
Add component (AddParameter): Name = "ComponentLink2URL"; Value = "https://api.kemet.com/component-edge/download/datasheet/C0603C100J5GACAUTO.pdf"; VariantName = "[No Variations]"
Add component (AddParameter): Name = "Device Class L1"; Value = "Passive Components"; VariantName = "[No Variations]"
Add component (AddParameter): Name = "Device Class L2"; Value = "Capacitors"; VariantName = "[No Variations]"
Add component (AddParameter): Name = "Device Class L3"; Value = "Ceramic Capacitors"; VariantName = "[No Variations]"
Add component (AddParameter): Name = "Digikey Description"; Value = "CAP CER 0.047UF 25V 10% X7R 0603"; VariantName = "[No Variations]"
Add component (AddParameter): Name = "Height"; Value = "0.87mm"; VariantName = "[No Variations]"
Add component (AddParameter): Name = "Lead Free"; Value = "Yes"; VariantName = "[No Variations]"
Add component (AddParameter): Name = "Manufacturer"; Value = "KEMET"; VariantName = "[No Variations]"
Add component (AddParameter): Name = "Manufacturer Part Number"; Value = "C0603C473K3RACTU"; VariantName = "[No Variations]"
Add component (AddParameter): Name = "Material"; Value = "Ceramic"; VariantName = "[No Variations]"
Add component (AddParameter): Name = "Mouser Description"; Value = "Multilayer Ceramic Capacitor, C Series, 0.047 - F, - 10%, X7R, 25 V, 0603 [1608 Metric] Rohs Compliant: Yes"; VariantName = "[No Variations]"
Add component (AddParameter): Name = "Octopart"; Value = "https://octopart.com/c0603c473k3ractu-kemet-3834514"; VariantName = "[No Variations]"
Add component (AddParameter): Name = "Package"; Value = "C0603C-CF"; VariantName = "[No Variations]"
Add component (AddParameter): Name = "RoHS"; Value = "TRUE"; VariantName = "[No Variations]"
Add component (AddParameter): Name = "Temperature"; Value = "-55°C to +125°C"; VariantName = "[No Variations]"
Add component (AddParameter): Name = "Temperature Characteristic"; Value = "X7R"; VariantName = "[No Variations]"
Add component (AddParameter): Name = "Temperature Coefficient"; Value = "30ppm/°C"; VariantName = "[No Variations]"
Add component (AddParameter): Name = "Temperature Range High"; Value = "+125°C"; VariantName = "[No Variations]"
Add component (AddParameter): Name = "Temperature Range Low"; Value = "-55°C"; VariantName = "[No Variations]"
Add component (AddParameter): Name = "Tolerance"; Value = "0.1"; VariantName = "[No Variations]"
Add component (AddParameter): Name = "Value"; Value = "47,000 pF"; VariantName = "[No Variations]"
Add component (AddParameter): Name = "Voltage Rating"; Value = "25 V"; VariantName = "[No Variations]"
Added Component: Designator=C?(FP-GRT155-0_05-IPC_C)
Added Component: Designator=C?(FP-C0603C-CF-MFG)
Add component (AddParameter): Name = "Automotive"; Value = "Yes"; VariantName = "[No Variations]"
Add component (AddParameter): Name = "Automotive Grade"; Value = "Grade 1"; VariantName = "[No Variations]"
Add component (AddParameter): Name = "Capacitance"; Value = "0.10 µF"; VariantName = "[No Variations]"
Add component (AddParameter): Name = "Category"; Value = "Cap"; VariantName = "[No Variations]"
Add component (AddParameter): Name = "ComponentLink2Description"; Value = "Datasheet"; VariantName = "[No Variations]"
Add component (AddParameter): Name = "ComponentLink2URL"; Value = "https://api.kemet.com/component-edge/download/datasheet/C0603C100J5GACAUTO.pdf"; VariantName = "[No Variations]"
Add component (AddParameter): Name = "Device Class L1"; Value = "Passive Components"; VariantName = "[No Variations]"
Add component (AddParameter): Name = "Device Class L2"; Value = "Capacitors"; VariantName = "[No Variations]"
Add component (AddParameter): Name = "Device Class L3"; Value = "Ceramic Capacitors"; VariantName = "[No Variations]"
Add component (AddParameter): Name = "Digikey Description"; Value = "CAP CER 0.1UF 25V X7R 0603"; VariantName = "[No Variations]"
Add component (AddParameter): Name = "Height"; Value = "0.87mm"; VariantName = "[No Variations]"
Add component (AddParameter): Name = "Lead Free"; Value = "Yes"; VariantName = "[No Variations]"
Add component (AddParameter): Name = "Manufacturer"; Value = "KEMET"; VariantName = "[No Variations]"
Add component (AddParameter): Name = "Manufacturer Part Number"; Value = "C0603C104K3RACAUTO"; VariantName = "[No Variations]"
Add component (AddParameter): Name = "Material"; Value = "Ceramic"; VariantName = "[No Variations]"
Add component (AddParameter): Name = "Mouser Description"; Value = "Multilayer Ceramic Capacitors MLCC - SMD/SMT 0.1uF 25volts 10% X7R AUTO"; VariantName = "[No Variations]"
Add component (AddParameter): Name = "Octopart"; Value = "https://octopart.com/c0603c104k3racauto-kemet-12595587"; VariantName = "[No Variations]"
Add component (AddParameter): Name = "Package"; Value = "C0603C-CF"; VariantName = "[No Variations]"
Add component (AddParameter): Name = "RoHS"; Value = "TRUE"; VariantName = "[No Variations]"
Add component (AddParameter): Name = "Temperature"; Value = "-55°C to +125°C"; VariantName = "[No Variations]"
Add component (AddParameter): Name = "Temperature Characteristic"; Value = "X7R"; VariantName = "[No Variations]"
Add component (AddParameter): Name = "Temperature Coefficient"; Value = "30ppm/°C"; VariantName = "[No Variations]"
Add component (AddParameter): Name = "Temperature Range High"; Value = "+125°C"; VariantName = "[No Variations]"
Add component (AddParameter): Name = "Temperature Range Low"; Value = "-55°C"; VariantName = "[No Variations]"
Add component (AddParameter): Name = "Tolerance"; Value = "0.1"; VariantName = "[No Variations]"
Add component (AddParameter): Name = "Value"; Value = "0.10 µF"; VariantName = "[No Variations]"
Add component (AddParameter): Name = "Voltage Rating"; Value = "25 V"; VariantName = "[No Variations]"
Added Component: Designator=C?(FP-C0603C-CF-MFG)
Add component (AddParameter): Name = "Automotive"; Value = "Yes"; VariantName = "[No Variations]"
Add component (AddParameter): Name = "Automotive Grade"; Value = "Grade 1"; VariantName = "[No Variations]"
Add component (AddParameter): Name = "Capacitance"; Value = "0.10 µF"; VariantName = "[No Variations]"
Add component (AddParameter): Name = "Category"; Value = "Cap"; VariantName = "[No Variations]"
Add component (AddParameter): Name = "ComponentLink2Description"; Value = "Datasheet"; VariantName = "[No Variations]"
Add component (AddParameter): Name = "ComponentLink2URL"; Value = "https://api.kemet.com/component-edge/download/datasheet/C0603C100J5GACAUTO.pdf"; VariantName = "[No Variations]"
Add component (AddParameter): Name = "Device Class L1"; Value = "Passive Components"; VariantName = "[No Variations]"
Add component (AddParameter): Name = "Device Class L2"; Value = "Capacitors"; VariantName = "[No Variations]"
Add component (AddParameter): Name = "Device Class L3"; Value = "Ceramic Capacitors"; VariantName = "[No Variations]"
Add component (AddParameter): Name = "Digikey Description"; Value = "CAP CER 0.1UF 25V X7R 0603"; VariantName = "[No Variations]"
Add component (AddParameter): Name = "Height"; Value = "0.87mm"; VariantName = "[No Variations]"
Add component (AddParameter): Name = "Lead Free"; Value = "Yes"; VariantName = "[No Variations]"
Add component (AddParameter): Name = "Manufacturer"; Value = "KEMET"; VariantName = "[No Variations]"
Add component (AddParameter): Name = "Manufacturer Part Number"; Value = "C0603C104K3RACAUTO"; VariantName = "[No Variations]"
Add component (AddParameter): Name = "Material"; Value = "Ceramic"; VariantName = "[No Variations]"
Add component (AddParameter): Name = "Mouser Description"; Value = "Multilayer Ceramic Capacitors MLCC - SMD/SMT 0.1uF 25volts 10% X7R AUTO"; VariantName = "[No Variations]"
Add component (AddParameter): Name = "Octopart"; Value = "https://octopart.com/c0603c104k3racauto-kemet-12595587"; VariantName = "[No Variations]"
Add component (AddParameter): Name = "Package"; Value = "C0603C-CF"; VariantName = "[No Variations]"
Add component (AddParameter): Name = "RoHS"; Value = "TRUE"; VariantName = "[No Variations]"
Add component (AddParameter): Name = "Temperature"; Value = "-55°C to +125°C"; VariantName = "[No Variations]"
Add component (AddParameter): Name = "Temperature Characteristic"; Value = "X7R"; VariantName = "[No Variations]"
Add component (AddParameter): Name = "Temperature Coefficient"; Value = "30ppm/°C"; VariantName = "[No Variations]"
Add component (AddParameter): Name = "Temperature Range High"; Value = "+125°C"; VariantName = "[No Variations]"
Add component (AddParameter): Name = "Temperature Range Low"; Value = "-55°C"; VariantName = "[No Variations]"
Add component (AddParameter): Name = "Tolerance"; Value = "0.1"; VariantName = "[No Variations]"
Add component (AddParameter): Name = "Value"; Value = "0.10 µF"; VariantName = "[No Variations]"
Add component (AddParameter): Name = "Voltage Rating"; Value = "25 V"; VariantName = "[No Variations]"
Added Component: Designator=C?(FP-0603B104K500CT-IPC_C)
Add component (AddParameter): Name = "Capacitance"; Value = "100nF"; VariantName = "[No Variations]"
Add component (AddParameter): Name = "Case Code (Imperial)"; Value = "0603"; VariantName = "[No Variations]"
Add component (AddParameter): Name = "Case Code (Metric)"; Value = "1608"; VariantName = "[No Variations]"
Add component (AddParameter): Name = "Case/Package"; Value = "0603"; VariantName = "[No Variations]"
Add component (AddParameter): Name = "Depth"; Value = "0.8mm"; VariantName = "[No Variations]"
Add component (AddParameter): Name = "Dielectric"; Value = "X7R"; VariantName = "[No Variations]"
Add component (AddParameter): Name = "Lead Free"; Value = "Lead Free"; VariantName = "[No Variations]"
Add component (AddParameter): Name = "Length"; Value = "1.6mm"; VariantName = "[No Variations]"
Add component (AddParameter): Name = "Max Operating Temperature"; Value = "125°C"; VariantName = "[No Variations]"
Add component (AddParameter): Name = "Min Operating Temperature"; Value = "-55°C"; VariantName = "[No Variations]"
Add component (AddParameter): Name = "Packaging"; Value = "Tape and Reel"; VariantName = "[No Variations]"
Add component (AddParameter): Name = "Radiation Hardening"; Value = "No"; VariantName = "[No Variations]"
Add component (AddParameter): Name = "RoHS Compliant"; Value = "Yes"; VariantName = "[No Variations]"
Add component (AddParameter): Name = "Series"; Value = "-"; VariantName = "[No Variations]"
Add component (AddParameter): Name = "Tolerance"; Value = "10%"; VariantName = "[No Variations]"
Add component (AddParameter): Name = "Voltage Rating"; Value = "50V"; VariantName = "[No Variations]"
Add component (AddParameter): Name = "Voltage Rating (DC)"; Value = "50V"; VariantName = "[No Variations]"
Add component: Footprint Not Found CAPPRD500W65D1000H2200
Added Component: Designator=C?(FP-GRM21B-0_2-e0_2_0_7-IPC_A)
Add component (AddParameter): Name = "Capacitance"; Value = "10uF"; VariantName = "[No Variations]"
Add component (AddParameter): Name = "Dielectric"; Value = "X5R"; VariantName = "[No Variations]"
Add component (AddParameter): Name = "Length"; Value = "2mm"; VariantName = "[No Variations]"
Add component (AddParameter): Name = "Thickness"; Value = "1.25mm"; VariantName = "[No Variations]"
Add component (AddParameter): Name = "Tolerance"; Value = "10%"; VariantName = "[No Variations]"
Add component (AddParameter): Name = "Voltage Rating (DC)"; Value = "50V"; VariantName = "[No Variations]"
Add component (AddParameter): Name = "Width"; Value = "1.25mm"; VariantName = "[No Variations]"
Added Component: Designator=C?(FP-0603B104K500CT-IPC_C)
Add component (AddParameter): Name = "Capacitance"; Value = "100nF"; VariantName = "[No Variations]"
Add component (AddParameter): Name = "Case Code (Imperial)"; Value = "0603"; VariantName = "[No Variations]"
Add component (AddParameter): Name = "Case Code (Metric)"; Value = "1608"; VariantName = "[No Variations]"
Add component (AddParameter): Name = "Case/Package"; Value = "0603"; VariantName = "[No Variations]"
Add component (AddParameter): Name = "Depth"; Value = "0.8mm"; VariantName = "[No Variations]"
Add component (AddParameter): Name = "Dielectric"; Value = "X7R"; VariantName = "[No Variations]"
Add component (AddParameter): Name = "Lead Free"; Value = "Lead Free"; VariantName = "[No Variations]"
Add component (AddParameter): Name = "Length"; Value = "1.6mm"; VariantName = "[No Variations]"
Add component (AddParameter): Name = "Max Operating Temperature"; Value = "125°C"; VariantName = "[No Variations]"
Add component (AddParameter): Name = "Min Operating Temperature"; Value = "-55°C"; VariantName = "[No Variations]"
Add component (AddParameter): Name = "Packaging"; Value = "Tape and Reel"; VariantName = "[No Variations]"
Add component (AddParameter): Name = "Radiation Hardening"; Value = "No"; VariantName = "[No Variations]"
Add component (AddParameter): Name = "RoHS Compliant"; Value = "Yes"; VariantName = "[No Variations]"
Add component (AddParameter): Name = "Series"; Value = "-"; VariantName = "[No Variations]"
Add component (AddParameter): Name = "Tolerance"; Value = "10%"; VariantName = "[No Variations]"
Add component (AddParameter): Name = "Voltage Rating"; Value = "50V"; VariantName = "[No Variations]"
Add component (AddParameter): Name = "Voltage Rating (DC)"; Value = "50V"; VariantName = "[No Variations]"
Added Component: Designator=C?(FP-0603B104K500CT-IPC_C)
Add component (AddParameter): Name = "Capacitance"; Value = "100nF"; VariantName = "[No Variations]"
Add component (AddParameter): Name = "Case Code (Imperial)"; Value = "0603"; VariantName = "[No Variations]"
Add component (AddParameter): Name = "Case Code (Metric)"; Value = "1608"; VariantName = "[No Variations]"
Add component (AddParameter): Name = "Case/Package"; Value = "0603"; VariantName = "[No Variations]"
Add component (AddParameter): Name = "Depth"; Value = "0.8mm"; VariantName = "[No Variations]"
Add component (AddParameter): Name = "Dielectric"; Value = "X7R"; VariantName = "[No Variations]"
Add component (AddParameter): Name = "Lead Free"; Value = "Lead Free"; VariantName = "[No Variations]"
Add component (AddParameter): Name = "Length"; Value = "1.6mm"; VariantName = "[No Variations]"
Add component (AddParameter): Name = "Max Operating Temperature"; Value = "125°C"; VariantName = "[No Variations]"
Add component (AddParameter): Name = "Min Operating Temperature"; Value = "-55°C"; VariantName = "[No Variations]"
Add component (AddParameter): Name = "Packaging"; Value = "Tape and Reel"; VariantName = "[No Variations]"
Add component (AddParameter): Name = "Radiation Hardening"; Value = "No"; VariantName = "[No Variations]"
Add component (AddParameter): Name = "RoHS Compliant"; Value = "Yes"; VariantName = "[No Variations]"
Add component (AddParameter): Name = "Series"; Value = "-"; VariantName = "[No Variations]"
Add component (AddParameter): Name = "Tolerance"; Value = "10%"; VariantName = "[No Variations]"
Add component (AddParameter): Name = "Voltage Rating"; Value = "50V"; VariantName = "[No Variations]"
Add component (AddParameter): Name = "Voltage Rating (DC)"; Value = "50V"; VariantName = "[No Variations]"
Added Component: Designator=C?(CAPC2013X140X50NL20T25)
Add component (AddParameter): Name = "Manufacturer"; Value = "Kemet"; VariantName = "[No Variations]"
Add component (AddParameter): Name = "Part Number"; Value = "C0805C105J4RACTU"; VariantName = "[No Variations]"
Added Component: Designator=C?(FP-0603B104K500CT-IPC_C)
Add component (AddParameter): Name = "Capacitance"; Value = "100nF"; VariantName = "[No Variations]"
Add component (AddParameter): Name = "Case Code (Imperial)"; Value = "0603"; VariantName = "[No Variations]"
Add component (AddParameter): Name = "Case Code (Metric)"; Value = "1608"; VariantName = "[No Variations]"
Add component (AddParameter): Name = "Case/Package"; Value = "0603"; VariantName = "[No Variations]"
Add component (AddParameter): Name = "Depth"; Value = "0.8mm"; VariantName = "[No Variations]"
Add component (AddParameter): Name = "Dielectric"; Value = "X7R"; VariantName = "[No Variations]"
Add component (AddParameter): Name = "Lead Free"; Value = "Lead Free"; VariantName = "[No Variations]"
Add component (AddParameter): Name = "Length"; Value = "1.6mm"; VariantName = "[No Variations]"
Add component (AddParameter): Name = "Max Operating Temperature"; Value = "125°C"; VariantName = "[No Variations]"
Add component (AddParameter): Name = "Min Operating Temperature"; Value = "-55°C"; VariantName = "[No Variations]"
Add component (AddParameter): Name = "Packaging"; Value = "Tape and Reel"; VariantName = "[No Variations]"
Add component (AddParameter): Name = "Radiation Hardening"; Value = "No"; VariantName = "[No Variations]"
Add component (AddParameter): Name = "RoHS Compliant"; Value = "Yes"; VariantName = "[No Variations]"
Add component (AddParameter): Name = "Series"; Value = "-"; VariantName = "[No Variations]"
Add component (AddParameter): Name = "Tolerance"; Value = "10%"; VariantName = "[No Variations]"
Add component (AddParameter): Name = "Voltage Rating"; Value = "50V"; VariantName = "[No Variations]"
Add component (AddParameter): Name = "Voltage Rating (DC)"; Value = "50V"; VariantName = "[No Variations]"
Added Component: Designator=C?(CAPC2013X140X50NL20T25)
Add component (AddParameter): Name = "Manufacturer"; Value = "Kemet"; VariantName = "[No Variations]"
Add component (AddParameter): Name = "Part Number"; Value = "C0805C105J4RACTU"; VariantName = "[No Variations]"
Added Component: Designator=D?(FP-SOD-523-IPC_C)
Add component (AddParameter): Name = "Average Rectified Current"; Value = "300mA"; VariantName = "[No Variations]"
Add component (AddParameter): Name = "Capacitance"; Value = "22pF"; VariantName = "[No Variations]"
Add component (AddParameter): Name = "Current Rating"; Value = "300mA"; VariantName = "[No Variations]"
Add component (AddParameter): Name = "Element Configuration"; Value = "Single"; VariantName = "[No Variations]"
Add component (AddParameter): Name = "Forward Current"; Value = "300mA"; VariantName = "[No Variations]"
Add component (AddParameter): Name = "Forward Voltage"; Value = "580mV"; VariantName = "[No Variations]"
Add component (AddParameter): Name = "Height"; Value = "0.7mm"; VariantName = "[No Variations]"
Add component (AddParameter): Name = "Lead Free"; Value = "Lead Free"; VariantName = "[No Variations]"
Add component (AddParameter): Name = "Length"; Value = "1.3mm"; VariantName = "[No Variations]"
Add component (AddParameter): Name = "Max Operating Temperature"; Value = "150°C"; VariantName = "[No Variations]"
Add component (AddParameter): Name = "Max Repetitive Reverse Voltage (Vrrm)"; Value = "30V"; VariantName = "[No Variations]"
Add component (AddParameter): Name = "Max Reverse Current"; Value = "50uA"; VariantName = "[No Variations]"
Add component (AddParameter): Name = "Max Reverse Leakage Current"; Value = "5uA"; VariantName = "[No Variations]"
Add component (AddParameter): Name = "Max Reverse Voltage (DC)"; Value = "30V"; VariantName = "[No Variations]"
Add component (AddParameter): Name = "Max Surge Current"; Value = "1A"; VariantName = "[No Variations]"
Add component (AddParameter): Name = "Min Operating Temperature"; Value = "-65°C"; VariantName = "[No Variations]"
Add component (AddParameter): Name = "Mount"; Value = "Surface Mount"; VariantName = "[No Variations]"
Add component (AddParameter): Name = "Number of Pins"; Value = "2"; VariantName = "[No Variations]"
Add component (AddParameter): Name = "Output Current"; Value = "300mA"; VariantName = "[No Variations]"
Add component (AddParameter): Name = "Package Quantity"; Value = "1"; VariantName = "[No Variations]"
Add component (AddParameter): Name = "Packaging"; Value = "Tape and Reel"; VariantName = "[No Variations]"
Add component (AddParameter): Name = "Peak Non-Repetitive Surge Current"; Value = "1A"; VariantName = "[No Variations]"
Add component (AddParameter): Name = "Polarity"; Value = "Standard"; VariantName = "[No Variations]"
Add component (AddParameter): Name = "Radiation Hardening"; Value = "No"; VariantName = "[No Variations]"
Add component (AddParameter): Name = "RoHS Compliant"; Value = "Yes"; VariantName = "[No Variations]"
Add component (AddParameter): Name = "Series"; Value = "-"; VariantName = "[No Variations]"
Add component (AddParameter): Name = "Voltage Rating (DC)"; Value = "30V"; VariantName = "[No Variations]"
Add component (AddParameter): Name = "Width"; Value = "0.9mm"; VariantName = "[No Variations]"
Added Component: Designator=D?(FP-SOD-523-IPC_C)
Add component (AddParameter): Name = "Average Rectified Current"; Value = "300mA"; VariantName = "[No Variations]"
Add component (AddParameter): Name = "Capacitance"; Value = "22pF"; VariantName = "[No Variations]"
Add component (AddParameter): Name = "Current Rating"; Value = "300mA"; VariantName = "[No Variations]"
Add component (AddParameter): Name = "Element Configuration"; Value = "Single"; VariantName = "[No Variations]"
Add component (AddParameter): Name = "Forward Current"; Value = "300mA"; VariantName = "[No Variations]"
Add component (AddParameter): Name = "Forward Voltage"; Value = "580mV"; VariantName = "[No Variations]"
Add component (AddParameter): Name = "Height"; Value = "0.7mm"; VariantName = "[No Variations]"
Add component (AddParameter): Name = "Lead Free"; Value = "Lead Free"; VariantName = "[No Variations]"
Add component (AddParameter): Name = "Length"; Value = "1.3mm"; VariantName = "[No Variations]"
Add component (AddParameter): Name = "Max Operating Temperature"; Value = "150°C"; VariantName = "[No Variations]"
Add component (AddParameter): Name = "Max Repetitive Reverse Voltage (Vrrm)"; Value = "30V"; VariantName = "[No Variations]"
Add component (AddParameter): Name = "Max Reverse Current"; Value = "50uA"; VariantName = "[No Variations]"
Add component (AddParameter): Name = "Max Reverse Leakage Current"; Value = "5uA"; VariantName = "[No Variations]"
Add component (AddParameter): Name = "Max Reverse Voltage (DC)"; Value = "30V"; VariantName = "[No Variations]"
Add component (AddParameter): Name = "Max Surge Current"; Value = "1A"; VariantName = "[No Variations]"
Add component (AddParameter): Name = "Min Operating Temperature"; Value = "-65°C"; VariantName = "[No Variations]"
Add component (AddParameter): Name = "Mount"; Value = "Surface Mount"; VariantName = "[No Variations]"
Add component (AddParameter): Name = "Number of Pins"; Value = "2"; VariantName = "[No Variations]"
Add component (AddParameter): Name = "Output Current"; Value = "300mA"; VariantName = "[No Variations]"
Add component (AddParameter): Name = "Package Quantity"; Value = "1"; VariantName = "[No Variations]"
Add component (AddParameter): Name = "Packaging"; Value = "Tape and Reel"; VariantName = "[No Variations]"
Add component (AddParameter): Name = "Peak Non-Repetitive Surge Current"; Value = "1A"; VariantName = "[No Variations]"
Add component (AddParameter): Name = "Polarity"; Value = "Standard"; VariantName = "[No Variations]"
Add component (AddParameter): Name = "Radiation Hardening"; Value = "No"; VariantName = "[No Variations]"
Add component (AddParameter): Name = "RoHS Compliant"; Value = "Yes"; VariantName = "[No Variations]"
Add component (AddParameter): Name = "Series"; Value = "-"; VariantName = "[No Variations]"
Add component (AddParameter): Name = "Voltage Rating (DC)"; Value = "30V"; VariantName = "[No Variations]"
Add component (AddParameter): Name = "Width"; Value = "0.9mm"; VariantName = "[No Variations]"
Added Component: Designator=D?(FP-LTST-C193KGKT-5A-MFG)
Add component (AddParameter): Name = "Case Code (Imperial)"; Value = "0603"; VariantName = "[No Variations]"
Add component (AddParameter): Name = "Case Code (Metric)"; Value = "1608"; VariantName = "[No Variations]"
Add component (AddParameter): Name = "Case/Package"; Value = "0603"; VariantName = "[No Variations]"
Add component (AddParameter): Name = "Color"; Value = "Green"; VariantName = "[No Variations]"
Add component (AddParameter): Name = "Depth"; Value = "0.8mm"; VariantName = "[No Variations]"
Add component (AddParameter): Name = "Dominant Wavelength"; Value = "576.5nm"; VariantName = "[No Variations]"
Add component (AddParameter): Name = "Forward Current"; Value = "30mA"; VariantName = "[No Variations]"
Add component (AddParameter): Name = "Forward Voltage"; Value = "2.3V"; VariantName = "[No Variations]"
Add component (AddParameter): Name = "Height"; Value = "0.35mm"; VariantName = "[No Variations]"
Add component (AddParameter): Name = "Illumination Color"; Value = "Green"; VariantName = "[No Variations]"
Add component (AddParameter): Name = "Lead Free"; Value = "Lead Free"; VariantName = "[No Variations]"
Add component (AddParameter): Name = "Length"; Value = "1.6mm"; VariantName = "[No Variations]"
Add component (AddParameter): Name = "Lens Color"; Value = "Colorless"; VariantName = "[No Variations]"
Add component (AddParameter): Name = "Lens Style"; Value = "Diffused"; VariantName = "[No Variations]"
Add component (AddParameter): Name = "Lens Transparency"; Value = "Clear"; VariantName = "[No Variations]"
Add component (AddParameter): Name = "Luminous Intensity"; Value = "28mcd"; VariantName = "[No Variations]"
Add component (AddParameter): Name = "Max Operating Temperature"; Value = "85°C"; VariantName = "[No Variations]"
Add component (AddParameter): Name = "Min Operating Temperature"; Value = "-55°C"; VariantName = "[No Variations]"
Add component (AddParameter): Name = "Mount"; Value = "Surface Mount"; VariantName = "[No Variations]"
Add component (AddParameter): Name = "Number of Elements"; Value = "1"; VariantName = "[No Variations]"
Add component (AddParameter): Name = "Number of LEDs"; Value = "1"; VariantName = "[No Variations]"
Add component (AddParameter): Name = "Number of Pins"; Value = "2"; VariantName = "[No Variations]"
Add component (AddParameter): Name = "Package Quantity"; Value = "3000"; VariantName = "[No Variations]"
Add component (AddParameter): Name = "Packaging"; Value = "Tape and Reel"; VariantName = "[No Variations]"
Add component (AddParameter): Name = "Power Dissipation"; Value = "75mW"; VariantName = "[No Variations]"
Add component (AddParameter): Name = "Power Rating"; Value = "75mW"; VariantName = "[No Variations]"
Add component (AddParameter): Name = "Radiation Hardening"; Value = "No"; VariantName = "[No Variations]"
Add component (AddParameter): Name = "Reverse Voltage"; Value = "5V"; VariantName = "[No Variations]"
Add component (AddParameter): Name = "Test Current"; Value = "5mA"; VariantName = "[No Variations]"
Add component (AddParameter): Name = "Viewing Angle"; Value = "130°"; VariantName = "[No Variations]"
Add component (AddParameter): Name = "Width"; Value = "0.8mm"; VariantName = "[No Variations]"
Added Component: Designator=D?(FP-APT1608QBC-D-MFG)
Add component (AddParameter): Name = "Case Code (Imperial)"; Value = "0603"; VariantName = "[No Variations]"
Add component (AddParameter): Name = "Case Code (Metric)"; Value = "1608"; VariantName = "[No Variations]"
Add component (AddParameter): Name = "Case/Package"; Value = "0603"; VariantName = "[No Variations]"
Add component (AddParameter): Name = "Color"; Value = "Blue"; VariantName = "[No Variations]"
Add component (AddParameter): Name = "Dominant Wavelength"; Value = "465nm"; VariantName = "[No Variations]"
Add component (AddParameter): Name = "Forward Current"; Value = "20mA"; VariantName = "[No Variations]"
Add component (AddParameter): Name = "Forward Voltage"; Value = "3.3V"; VariantName = "[No Variations]"
Add component (AddParameter): Name = "Height"; Value = "0.75mm"; VariantName = "[No Variations]"
Add component (AddParameter): Name = "Illumination Color"; Value = "Blue"; VariantName = "[No Variations]"
Add component (AddParameter): Name = "Lead Free"; Value = "Lead Free"; VariantName = "[No Variations]"
Add component (AddParameter): Name = "Length"; Value = "1.6mm"; VariantName = "[No Variations]"
Add component (AddParameter): Name = "Lens Color"; Value = "Colorless"; VariantName = "[No Variations]"
Add component (AddParameter): Name = "Lens Style"; Value = "Flat"; VariantName = "[No Variations]"
Add component (AddParameter): Name = "Lens Transparency"; Value = "Clear"; VariantName = "[No Variations]"
Add component (AddParameter): Name = "Luminous Intensity"; Value = "100mcd"; VariantName = "[No Variations]"
Add component (AddParameter): Name = "Max Operating Temperature"; Value = "85°C"; VariantName = "[No Variations]"
Add component (AddParameter): Name = "Min Operating Temperature"; Value = "-40°C"; VariantName = "[No Variations]"
Add component (AddParameter): Name = "Mount"; Value = "Surface Mount"; VariantName = "[No Variations]"
Add component (AddParameter): Name = "Number of LEDs"; Value = "1"; VariantName = "[No Variations]"
Add component (AddParameter): Name = "Number of Pins"; Value = "2"; VariantName = "[No Variations]"
Add component (AddParameter): Name = "Package Quantity"; Value = "2000"; VariantName = "[No Variations]"
Add component (AddParameter): Name = "Packaging"; Value = "Tape and Reel"; VariantName = "[No Variations]"
Add component (AddParameter): Name = "Test Current"; Value = "20mA"; VariantName = "[No Variations]"
Add component (AddParameter): Name = "Viewing Angle"; Value = "120°"; VariantName = "[No Variations]"
Add component (AddParameter): Name = "Width"; Value = "0.8mm"; VariantName = "[No Variations]"
Added Component: Designator=D?(FP-6_541-5092_01-4-MFG)
Add component (AddParameter): Name = "Ambient Temperature Range High"; Value = "85°C"; VariantName = "[No Variations]"
Add component (AddParameter): Name = "Case Code (Imperial)"; Value = "0603"; VariantName = "[No Variations]"
Add component (AddParameter): Name = "Case Code (Metric)"; Value = "1608"; VariantName = "[No Variations]"
Add component (AddParameter): Name = "Case/Package"; Value = "0603"; VariantName = "[No Variations]"
Add component (AddParameter): Name = "Color"; Value = "Orange"; VariantName = "[No Variations]"
Add component (AddParameter): Name = "Depth"; Value = "800µm"; VariantName = "[No Variations]"
Add component (AddParameter): Name = "Dominant Wavelength"; Value = "605nm"; VariantName = "[No Variations]"
Add component (AddParameter): Name = "Forward Current"; Value = "20mA"; VariantName = "[No Variations]"
Add component (AddParameter): Name = "Forward Voltage"; Value = "2V"; VariantName = "[No Variations]"
Add component (AddParameter): Name = "Height"; Value = "800µm"; VariantName = "[No Variations]"
Add component (AddParameter): Name = "Illumination Color"; Value = "Orange"; VariantName = "[No Variations]"
Add component (AddParameter): Name = "Lead Free"; Value = "Lead Free"; VariantName = "[No Variations]"
Add component (AddParameter): Name = "Length"; Value = "1.6mm"; VariantName = "[No Variations]"
Add component (AddParameter): Name = "Lens Style"; Value = "Clear, Rectangular"; VariantName = "[No Variations]"
Add component (AddParameter): Name = "Luminous Intensity"; Value = "90mcd"; VariantName = "[No Variations]"
Add component (AddParameter): Name = "Max Operating Temperature"; Value = "85°C"; VariantName = "[No Variations]"
Add component (AddParameter): Name = "Min Operating Temperature"; Value = "-35°C"; VariantName = "[No Variations]"
Add component (AddParameter): Name = "Mount"; Value = "Surface Mount"; VariantName = "[No Variations]"
Add component (AddParameter): Name = "NexarPartId"; Value = "21709200"; VariantName = "[No Variations]"
Add component (AddParameter): Name = "Number of Elements"; Value = "1"; VariantName = "[No Variations]"
Add component (AddParameter): Name = "Number of LEDs"; Value = "1"; VariantName = "[No Variations]"
Add component (AddParameter): Name = "Number of Pins"; Value = "2"; VariantName = "[No Variations]"
Add component (AddParameter): Name = "Packaging"; Value = "Cut Tape"; VariantName = "[No Variations]"
Add component (AddParameter): Name = "Power Dissipation"; Value = "75mW"; VariantName = "[No Variations]"
Add component (AddParameter): Name = "Power Rating"; Value = "75mW"; VariantName = "[No Variations]"
Add component (AddParameter): Name = "Radiation Hardening"; Value = "No"; VariantName = "[No Variations]"
Add component (AddParameter): Name = "REACH SVHC"; Value = "Unknown"; VariantName = "[No Variations]"
Add component (AddParameter): Name = "Reverse Voltage"; Value = "5V"; VariantName = "[No Variations]"
Add component (AddParameter): Name = "RoHS"; Value = "Compliant"; VariantName = "[No Variations]"
Add component (AddParameter): Name = "Schedule B"; Value = "8541402000, 8541402000"; VariantName = "[No Variations]"
Add component (AddParameter): Name = "Test Current"; Value = "20mA"; VariantName = "[No Variations]"
Add component (AddParameter): Name = "Viewing Angle"; Value = "130°"; VariantName = "[No Variations]"
Add component (AddParameter): Name = "Wavelength"; Value = "605nm"; VariantName = "[No Variations]"
Add component (AddParameter): Name = "Width"; Value = "800µm"; VariantName = "[No Variations]"
Added Component: Designator=D?(FP-SOD-523-IPC_C)
Add component (AddParameter): Name = "Average Rectified Current"; Value = "300mA"; VariantName = "[No Variations]"
Add component (AddParameter): Name = "Capacitance"; Value = "22pF"; VariantName = "[No Variations]"
Add component (AddParameter): Name = "Current Rating"; Value = "300mA"; VariantName = "[No Variations]"
Add component (AddParameter): Name = "Element Configuration"; Value = "Single"; VariantName = "[No Variations]"
Add component (AddParameter): Name = "Forward Current"; Value = "300mA"; VariantName = "[No Variations]"
Add component (AddParameter): Name = "Forward Voltage"; Value = "580mV"; VariantName = "[No Variations]"
Add component (AddParameter): Name = "Height"; Value = "0.7mm"; VariantName = "[No Variations]"
Add component (AddParameter): Name = "Lead Free"; Value = "Lead Free"; VariantName = "[No Variations]"
Add component (AddParameter): Name = "Length"; Value = "1.3mm"; VariantName = "[No Variations]"
Add component (AddParameter): Name = "Max Operating Temperature"; Value = "150°C"; VariantName = "[No Variations]"
Add component (AddParameter): Name = "Max Repetitive Reverse Voltage (Vrrm)"; Value = "30V"; VariantName = "[No Variations]"
Add component (AddParameter): Name = "Max Reverse Current"; Value = "50uA"; VariantName = "[No Variations]"
Add component (AddParameter): Name = "Max Reverse Leakage Current"; Value = "5uA"; VariantName = "[No Variations]"
Add component (AddParameter): Name = "Max Reverse Voltage (DC)"; Value = "30V"; VariantName = "[No Variations]"
Add component (AddParameter): Name = "Max Surge Current"; Value = "1A"; VariantName = "[No Variations]"
Add component (AddParameter): Name = "Min Operating Temperature"; Value = "-65°C"; VariantName = "[No Variations]"
Add component (AddParameter): Name = "Mount"; Value = "Surface Mount"; VariantName = "[No Variations]"
Add component (AddParameter): Name = "Number of Pins"; Value = "2"; VariantName = "[No Variations]"
Add component (AddParameter): Name = "Output Current"; Value = "300mA"; VariantName = "[No Variations]"
Add component (AddParameter): Name = "Package Quantity"; Value = "1"; VariantName = "[No Variations]"
Add component (AddParameter): Name = "Packaging"; Value = "Tape and Reel"; VariantName = "[No Variations]"
Add component (AddParameter): Name = "Peak Non-Repetitive Surge Current"; Value = "1A"; VariantName = "[No Variations]"
Add component (AddParameter): Name = "Polarity"; Value = "Standard"; VariantName = "[No Variations]"
Add component (AddParameter): Name = "Radiation Hardening"; Value = "No"; VariantName = "[No Variations]"
Add component (AddParameter): Name = "RoHS Compliant"; Value = "Yes"; VariantName = "[No Variations]"
Add component (AddParameter): Name = "Series"; Value = "-"; VariantName = "[No Variations]"
Add component (AddParameter): Name = "Voltage Rating (DC)"; Value = "30V"; VariantName = "[No Variations]"
Add component (AddParameter): Name = "Width"; Value = "0.9mm"; VariantName = "[No Variations]"
Added Component: Designator=D?(FP-SMA-MFG)
Add component (AddParameter): Name = "Average Rectified Current"; Value = "1A"; VariantName = "[No Variations]"
Add component (AddParameter): Name = "Capacitance"; Value = "110pF"; VariantName = "[No Variations]"
Add component (AddParameter): Name = "Case/Package"; Value = "SMA"; VariantName = "[No Variations]"
Add component (AddParameter): Name = "Contact Plating"; Value = "Tin"; VariantName = "[No Variations]"
Add component (AddParameter): Name = "Current Rating"; Value = "1A"; VariantName = "[No Variations]"
Add component (AddParameter): Name = "Element Configuration"; Value = "Single"; VariantName = "[No Variations]"
Add component (AddParameter): Name = "Forward Current"; Value = "1A"; VariantName = "[No Variations]"
Add component (AddParameter): Name = "Forward Voltage"; Value = "700mV"; VariantName = "[No Variations]"
Add component (AddParameter): Name = "Height"; Value = "2.1mm"; VariantName = "[No Variations]"
Add component (AddParameter): Name = "Lead Free"; Value = "Lead Free"; VariantName = "[No Variations]"
Add component (AddParameter): Name = "Length"; Value = "4.6mm"; VariantName = "[No Variations]"
Add component (AddParameter): Name = "Max Forward Surge Current (Ifsm)"; Value = "30A"; VariantName = "[No Variations]"
Add component (AddParameter): Name = "Max Operating Temperature"; Value = "150°C"; VariantName = "[No Variations]"
Add component (AddParameter): Name = "Max Repetitive Reverse Voltage (Vrrm)"; Value = "60V"; VariantName = "[No Variations]"
Add component (AddParameter): Name = "Max Reverse Voltage (DC)"; Value = "60V"; VariantName = "[No Variations]"
Add component (AddParameter): Name = "Min Operating Temperature"; Value = "-65°C"; VariantName = "[No Variations]"
Add component (AddParameter): Name = "Mount"; Value = "Surface Mount"; VariantName = "[No Variations]"
Add component (AddParameter): Name = "Number of Pins"; Value = "2"; VariantName = "[No Variations]"
Add component (AddParameter): Name = "Output Current"; Value = "1A"; VariantName = "[No Variations]"
Add component (AddParameter): Name = "Package Quantity"; Value = "5000"; VariantName = "[No Variations]"
Add component (AddParameter): Name = "Packaging"; Value = "Tape and Reel"; VariantName = "[No Variations]"
Add component (AddParameter): Name = "Peak Non-Repetitive Surge Current"; Value = "30A"; VariantName = "[No Variations]"
Add component (AddParameter): Name = "Peak Reverse Current"; Value = "500uA"; VariantName = "[No Variations]"
Add component (AddParameter): Name = "Polarity"; Value = "Standard"; VariantName = "[No Variations]"
Add component (AddParameter): Name = "Radiation Hardening"; Value = "No"; VariantName = "[No Variations]"
Add component (AddParameter): Name = "REACH SVHC"; Value = "No SVHC"; VariantName = "[No Variations]"
Add component (AddParameter): Name = "Termination"; Value = "SMD/SMT"; VariantName = "[No Variations]"
Add component (AddParameter): Name = "Voltage Rating (DC)"; Value = "60V"; VariantName = "[No Variations]"
Add component (AddParameter): Name = "Weight"; Value = "0.002258oz"; VariantName = "[No Variations]"
Add component (AddParameter): Name = "Width"; Value = "2.92mm"; VariantName = "[No Variations]"
Add component: Footprint Not Found SODFL3616X98N
Added Component: Designator=D?(FP-SOD-523-IPC_C)
Add component (AddParameter): Name = "Average Rectified Current"; Value = "300mA"; VariantName = "[No Variations]"
Add component (AddParameter): Name = "Capacitance"; Value = "22pF"; VariantName = "[No Variations]"
Add component (AddParameter): Name = "Current Rating"; Value = "300mA"; VariantName = "[No Variations]"
Add component (AddParameter): Name = "Element Configuration"; Value = "Single"; VariantName = "[No Variations]"
Add component (AddParameter): Name = "Forward Current"; Value = "300mA"; VariantName = "[No Variations]"
Add component (AddParameter): Name = "Forward Voltage"; Value = "580mV"; VariantName = "[No Variations]"
Add component (AddParameter): Name = "Height"; Value = "0.7mm"; VariantName = "[No Variations]"
Add component (AddParameter): Name = "Lead Free"; Value = "Lead Free"; VariantName = "[No Variations]"
Add component (AddParameter): Name = "Length"; Value = "1.3mm"; VariantName = "[No Variations]"
Add component (AddParameter): Name = "Max Operating Temperature"; Value = "150°C"; VariantName = "[No Variations]"
Add component (AddParameter): Name = "Max Repetitive Reverse Voltage (Vrrm)"; Value = "30V"; VariantName = "[No Variations]"
Add component (AddParameter): Name = "Max Reverse Current"; Value = "50uA"; VariantName = "[No Variations]"
Add component (AddParameter): Name = "Max Reverse Leakage Current"; Value = "5uA"; VariantName = "[No Variations]"
Add component (AddParameter): Name = "Max Reverse Voltage (DC)"; Value = "30V"; VariantName = "[No Variations]"
Add component (AddParameter): Name = "Max Surge Current"; Value = "1A"; VariantName = "[No Variations]"
Add component (AddParameter): Name = "Min Operating Temperature"; Value = "-65°C"; VariantName = "[No Variations]"
Add component (AddParameter): Name = "Mount"; Value = "Surface Mount"; VariantName = "[No Variations]"
Add component (AddParameter): Name = "Number of Pins"; Value = "2"; VariantName = "[No Variations]"
Add component (AddParameter): Name = "Output Current"; Value = "300mA"; VariantName = "[No Variations]"
Add component (AddParameter): Name = "Package Quantity"; Value = "1"; VariantName = "[No Variations]"
Add component (AddParameter): Name = "Packaging"; Value = "Tape and Reel"; VariantName = "[No Variations]"
Add component (AddParameter): Name = "Peak Non-Repetitive Surge Current"; Value = "1A"; VariantName = "[No Variations]"
Add component (AddParameter): Name = "Polarity"; Value = "Standard"; VariantName = "[No Variations]"
Add component (AddParameter): Name = "Radiation Hardening"; Value = "No"; VariantName = "[No Variations]"
Add component (AddParameter): Name = "RoHS Compliant"; Value = "Yes"; VariantName = "[No Variations]"
Add component (AddParameter): Name = "Series"; Value = "-"; VariantName = "[No Variations]"
Add component (AddParameter): Name = "Voltage Rating (DC)"; Value = "30V"; VariantName = "[No Variations]"
Add component (AddParameter): Name = "Width"; Value = "0.9mm"; VariantName = "[No Variations]"
Added Component: Designator=D?(FP-SOD-523-IPC_C)
Add component (AddParameter): Name = "Average Rectified Current"; Value = "300mA"; VariantName = "[No Variations]"
Add component (AddParameter): Name = "Capacitance"; Value = "22pF"; VariantName = "[No Variations]"
Add component (AddParameter): Name = "Current Rating"; Value = "300mA"; VariantName = "[No Variations]"
Add component (AddParameter): Name = "Element Configuration"; Value = "Single"; VariantName = "[No Variations]"
Add component (AddParameter): Name = "Forward Current"; Value = "300mA"; VariantName = "[No Variations]"
Add component (AddParameter): Name = "Forward Voltage"; Value = "580mV"; VariantName = "[No Variations]"
Add component (AddParameter): Name = "Height"; Value = "0.7mm"; VariantName = "[No Variations]"
Add component (AddParameter): Name = "Lead Free"; Value = "Lead Free"; VariantName = "[No Variations]"
Add component (AddParameter): Name = "Length"; Value = "1.3mm"; VariantName = "[No Variations]"
Add component (AddParameter): Name = "Max Operating Temperature"; Value = "150°C"; VariantName = "[No Variations]"
Add component (AddParameter): Name = "Max Repetitive Reverse Voltage (Vrrm)"; Value = "30V"; VariantName = "[No Variations]"
Add component (AddParameter): Name = "Max Reverse Current"; Value = "50uA"; VariantName = "[No Variations]"
Add component (AddParameter): Name = "Max Reverse Leakage Current"; Value = "5uA"; VariantName = "[No Variations]"
Add component (AddParameter): Name = "Max Reverse Voltage (DC)"; Value = "30V"; VariantName = "[No Variations]"
Add component (AddParameter): Name = "Max Surge Current"; Value = "1A"; VariantName = "[No Variations]"
Add component (AddParameter): Name = "Min Operating Temperature"; Value = "-65°C"; VariantName = "[No Variations]"
Add component (AddParameter): Name = "Mount"; Value = "Surface Mount"; VariantName = "[No Variations]"
Add component (AddParameter): Name = "Number of Pins"; Value = "2"; VariantName = "[No Variations]"
Add component (AddParameter): Name = "Output Current"; Value = "300mA"; VariantName = "[No Variations]"
Add component (AddParameter): Name = "Package Quantity"; Value = "1"; VariantName = "[No Variations]"
Add component (AddParameter): Name = "Packaging"; Value = "Tape and Reel"; VariantName = "[No Variations]"
Add component (AddParameter): Name = "Peak Non-Repetitive Surge Current"; Value = "1A"; VariantName = "[No Variations]"
Add component (AddParameter): Name = "Polarity"; Value = "Standard"; VariantName = "[No Variations]"
Add component (AddParameter): Name = "Radiation Hardening"; Value = "No"; VariantName = "[No Variations]"
Add component (AddParameter): Name = "RoHS Compliant"; Value = "Yes"; VariantName = "[No Variations]"
Add component (AddParameter): Name = "Series"; Value = "-"; VariantName = "[No Variations]"
Add component (AddParameter): Name = "Voltage Rating (DC)"; Value = "30V"; VariantName = "[No Variations]"
Add component (AddParameter): Name = "Width"; Value = "0.9mm"; VariantName = "[No Variations]"
Added Component: Designator=D?(FP-SOD-523-IPC_C)
Add component (AddParameter): Name = "Average Rectified Current"; Value = "300mA"; VariantName = "[No Variations]"
Add component (AddParameter): Name = "Capacitance"; Value = "22pF"; VariantName = "[No Variations]"
Add component (AddParameter): Name = "Current Rating"; Value = "300mA"; VariantName = "[No Variations]"
Add component (AddParameter): Name = "Element Configuration"; Value = "Single"; VariantName = "[No Variations]"
Add component (AddParameter): Name = "Forward Current"; Value = "300mA"; VariantName = "[No Variations]"
Add component (AddParameter): Name = "Forward Voltage"; Value = "580mV"; VariantName = "[No Variations]"
Add component (AddParameter): Name = "Height"; Value = "0.7mm"; VariantName = "[No Variations]"
Add component (AddParameter): Name = "Lead Free"; Value = "Lead Free"; VariantName = "[No Variations]"
Add component (AddParameter): Name = "Length"; Value = "1.3mm"; VariantName = "[No Variations]"
Add component (AddParameter): Name = "Max Operating Temperature"; Value = "150°C"; VariantName = "[No Variations]"
Add component (AddParameter): Name = "Max Repetitive Reverse Voltage (Vrrm)"; Value = "30V"; VariantName = "[No Variations]"
Add component (AddParameter): Name = "Max Reverse Current"; Value = "50uA"; VariantName = "[No Variations]"
Add component (AddParameter): Name = "Max Reverse Leakage Current"; Value = "5uA"; VariantName = "[No Variations]"
Add component (AddParameter): Name = "Max Reverse Voltage (DC)"; Value = "30V"; VariantName = "[No Variations]"
Add component (AddParameter): Name = "Max Surge Current"; Value = "1A"; VariantName = "[No Variations]"
Add component (AddParameter): Name = "Min Operating Temperature"; Value = "-65°C"; VariantName = "[No Variations]"
Add component (AddParameter): Name = "Mount"; Value = "Surface Mount"; VariantName = "[No Variations]"
Add component (AddParameter): Name = "Number of Pins"; Value = "2"; VariantName = "[No Variations]"
Add component (AddParameter): Name = "Output Current"; Value = "300mA"; VariantName = "[No Variations]"
Add component (AddParameter): Name = "Package Quantity"; Value = "1"; VariantName = "[No Variations]"
Add component (AddParameter): Name = "Packaging"; Value = "Tape and Reel"; VariantName = "[No Variations]"
Add component (AddParameter): Name = "Peak Non-Repetitive Surge Current"; Value = "1A"; VariantName = "[No Variations]"
Add component (AddParameter): Name = "Polarity"; Value = "Standard"; VariantName = "[No Variations]"
Add component (AddParameter): Name = "Radiation Hardening"; Value = "No"; VariantName = "[No Variations]"
Add component (AddParameter): Name = "RoHS Compliant"; Value = "Yes"; VariantName = "[No Variations]"
Add component (AddParameter): Name = "Series"; Value = "-"; VariantName = "[No Variations]"
Add component (AddParameter): Name = "Voltage Rating (DC)"; Value = "30V"; VariantName = "[No Variations]"
Add component (AddParameter): Name = "Width"; Value = "0.9mm"; VariantName = "[No Variations]"
Added Component: Designator=F?(FP-0805L010-MFG)
Add component (AddParameter): Name = "Ambient Temperature Range High"; Value = "85°C"; VariantName = "[No Variations]"
Add component (AddParameter): Name = "Approvals"; Value = "TUV, cULus"; VariantName = "[No Variations]"
Add component (AddParameter): Name = "Case Code (Imperial)"; Value = "0805"; VariantName = "[No Variations]"
Add component (AddParameter): Name = "Case Code (Metric)"; Value = "2012"; VariantName = "[No Variations]"
Add component (AddParameter): Name = "Case/Package"; Value = "0805"; VariantName = "[No Variations]"
Add component (AddParameter): Name = "Current Rating"; Value = "100A"; VariantName = "[No Variations]"
Add component (AddParameter): Name = "Height"; Value = "1mm"; VariantName = "[No Variations]"
Add component (AddParameter): Name = "Hold Current"; Value = "100mA"; VariantName = "[No Variations]"
Add component (AddParameter): Name = "Lead Free"; Value = "Lead Free"; VariantName = "[No Variations]"
Add component (AddParameter): Name = "Length"; Value = "2.2mm"; VariantName = "[No Variations]"
Add component (AddParameter): Name = "Lifecycle Status"; Value = "Production"; VariantName = "[No Variations]"
Add component (AddParameter): Name = "Max Current Rating"; Value = "100A"; VariantName = "[No Variations]"
Add component (AddParameter): Name = "Max Operating Temperature"; Value = "85°C"; VariantName = "[No Variations]"
Add component (AddParameter): Name = "Max Power Dissipation"; Value = "500mW"; VariantName = "[No Variations]"
Add component (AddParameter): Name = "Max Voltage Rating (DC)"; Value = "15V"; VariantName = "[No Variations]"
Add component (AddParameter): Name = "Maximum Resistance 1 Hour (R1max)"; Value = "6O"; VariantName = "[No Variations]"
Add component (AddParameter): Name = "Min Operating Temperature"; Value = "-40°C"; VariantName = "[No Variations]"
Add component (AddParameter): Name = "Minimum Resistance Initial (Rmin)"; Value = "1O"; VariantName = "[No Variations]"
Add component (AddParameter): Name = "Mount"; Value = "Surface Mount"; VariantName = "[No Variations]"
Add component (AddParameter): Name = "NexarPartId"; Value = "673855"; VariantName = "[No Variations]"
Add component (AddParameter): Name = "Operating Supply Voltage"; Value = "15V"; VariantName = "[No Variations]"
Add component (AddParameter): Name = "Packaging"; Value = "Cut Tape"; VariantName = "[No Variations]"
Add component (AddParameter): Name = "Power Dissipation"; Value = "500mW"; VariantName = "[No Variations]"
Add component (AddParameter): Name = "REACH SVHC"; Value = "No SVHC"; VariantName = "[No Variations]"
Add component (AddParameter): Name = "Resistance"; Value = "6O"; VariantName = "[No Variations]"
Add component (AddParameter): Name = "RoHS"; Value = "Compliant"; VariantName = "[No Variations]"
Add component (AddParameter): Name = "Terminal Material"; Value = "Copper"; VariantName = "[No Variations]"
Add component (AddParameter): Name = "Termination"; Value = "SMD/SMT"; VariantName = "[No Variations]"
Add component (AddParameter): Name = "Time to Trip"; Value = "1.5s"; VariantName = "[No Variations]"
Add component (AddParameter): Name = "Trip Current"; Value = "300mA"; VariantName = "[No Variations]"
Add component (AddParameter): Name = "Voltage Rating"; Value = "15V"; VariantName = "[No Variations]"
Add component (AddParameter): Name = "Voltage Rating (DC)"; Value = "15V"; VariantName = "[No Variations]"
Add component (AddParameter): Name = "Width"; Value = "1.5mm"; VariantName = "[No Variations]"
Add component (AddParameter): Name = "Working Voltage"; Value = "15V"; VariantName = "[No Variations]"
Added Component: Designator=FB1(FP-MPZ1608-0_8-MFG)
Add component (AddParameter): Name = "Case Code (Imperial)"; Value = "0603"; VariantName = "[No Variations]"
Add component (AddParameter): Name = "Case Code (Metric)"; Value = "1608"; VariantName = "[No Variations]"
Add component (AddParameter): Name = "Case/Package"; Value = "0603"; VariantName = "[No Variations]"
Add component (AddParameter): Name = "Core Material"; Value = "Ferrite"; VariantName = "[No Variations]"
Add component (AddParameter): Name = "Current Rating"; Value = "1A"; VariantName = "[No Variations]"
Add component (AddParameter): Name = "DC Resistance (DCR)"; Value = "150mR"; VariantName = "[No Variations]"
Add component (AddParameter): Name = "Depth"; Value = "0.8mm"; VariantName = "[No Variations]"
Add component (AddParameter): Name = "Height"; Value = "0.8mm"; VariantName = "[No Variations]"
Add component (AddParameter): Name = "Impedance"; Value = "600R"; VariantName = "[No Variations]"
Add component (AddParameter): Name = "Lead Free"; Value = "Lead Free"; VariantName = "[No Variations]"
Add component (AddParameter): Name = "Length"; Value = "0.063inch"; VariantName = "[No Variations]"
Add component (AddParameter): Name = "Max DC Current"; Value = "1A"; VariantName = "[No Variations]"
Add component (AddParameter): Name = "Max Operating Temperature"; Value = "125°C"; VariantName = "[No Variations]"
Add component (AddParameter): Name = "Min Operating Temperature"; Value = "-55°C"; VariantName = "[No Variations]"
Add component (AddParameter): Name = "Mount"; Value = "Surface Mount"; VariantName = "[No Variations]"
Add component (AddParameter): Name = "Package Quantity"; Value = "4000"; VariantName = "[No Variations]"
Add component (AddParameter): Name = "Packaging"; Value = "Tape and Reel"; VariantName = "[No Variations]"
Add component (AddParameter): Name = "REACH SVHC"; Value = "No SVHC"; VariantName = "[No Variations]"
Add component (AddParameter): Name = "RoHS Compliant"; Value = "Yes"; VariantName = "[No Variations]"
Add component (AddParameter): Name = "Series"; Value = "MPZ"; VariantName = "[No Variations]"
Add component (AddParameter): Name = "Termination"; Value = "SMD/SMT"; VariantName = "[No Variations]"
Add component (AddParameter): Name = "Test Frequency"; Value = "100MHz"; VariantName = "[No Variations]"
Add component (AddParameter): Name = "Tolerance"; Value = "25%"; VariantName = "[No Variations]"
Add component (AddParameter): Name = "Weight"; Value = "7.1E-05oz"; VariantName = "[No Variations]"
Add component (AddParameter): Name = "Width"; Value = "0.8mm"; VariantName = "[No Variations]"
Add component: Footprint Not Found SOT65P210X110-6N
Add component: Footprint Not Found CONN14_3220-14_CNC
Added Component: Designator=J?(FP-B4B-XH-A_LF_SN-MFG)
Add component (AddParameter): Name = "Color"; Value = "Natural"; VariantName = "[No Variations]"
Add component (AddParameter): Name = "Connector Type"; Value = "Header"; VariantName = "[No Variations]"
Add component (AddParameter): Name = "Contact Finish - Mating"; Value = "TIN"; VariantName = "[No Variations]"
Add component (AddParameter): Name = "Contact Material"; Value = "Brass"; VariantName = "[No Variations]"
Add component (AddParameter): Name = "Contact Plating"; Value = "Tin"; VariantName = "[No Variations]"
Add component (AddParameter): Name = "Contact Resistance"; Value = "20mR"; VariantName = "[No Variations]"
Add component (AddParameter): Name = "Contact Shape"; Value = "Square"; VariantName = "[No Variations]"
Add component (AddParameter): Name = "Contact Type"; Value = "Male Pin"; VariantName = "[No Variations]"
Add component (AddParameter): Name = "Current Rating"; Value = "3A"; VariantName = "[No Variations]"
Add component (AddParameter): Name = "Depth"; Value = "5.75mm"; VariantName = "[No Variations]"
Add component (AddParameter): Name = "Fastening Type"; Value = "Detent"; VariantName = "[No Variations]"
Add component (AddParameter): Name = "Flammability Rating"; Value = "UL94 V-0"; VariantName = "[No Variations]"
Add component (AddParameter): Name = "Gender"; Value = "Male"; VariantName = "[No Variations]"
Add component (AddParameter): Name = "Housing Color"; Value = "White"; VariantName = "[No Variations]"
Add component (AddParameter): Name = "Housing Material"; Value = "Polyamide"; VariantName = "[No Variations]"
Add component (AddParameter): Name = "Insulation Color"; Value = "Natural"; VariantName = "[No Variations]"
Add component (AddParameter): Name = "Insulation Material"; Value = "Nylon"; VariantName = "[No Variations]"
Add component (AddParameter): Name = "Insulation Resistance"; Value = "1GR"; VariantName = "[No Variations]"
Add component (AddParameter): Name = "Lead Free"; Value = "Lead Free"; VariantName = "[No Variations]"
Add component (AddParameter): Name = "Lead Pitch"; Value = "2.5mm"; VariantName = "[No Variations]"
Add component (AddParameter): Name = "Length"; Value = "12.4mm"; VariantName = "[No Variations]"
Add component (AddParameter): Name = "Mated Stacking Heights"; Value = "9.8mm"; VariantName = "[No Variations]"
Add component (AddParameter): Name = "Material"; Value = "Polyamide"; VariantName = "[No Variations]"
Add component (AddParameter): Name = "Max Current Rating"; Value = "3A"; VariantName = "[No Variations]"
Add component (AddParameter): Name = "Max Operating Temperature"; Value = "85°C"; VariantName = "[No Variations]"
Add component (AddParameter): Name = "Max Voltage Rating (AC)"; Value = "250V"; VariantName = "[No Variations]"
Add component (AddParameter): Name = "Max Voltage Rating (DC)"; Value = "250V"; VariantName = "[No Variations]"
Add component (AddParameter): Name = "Min Operating Temperature"; Value = "-25°C"; VariantName = "[No Variations]"
Add component (AddParameter): Name = "Mount"; Value = "Through Hole"; VariantName = "[No Variations]"
Add component (AddParameter): Name = "Number of Contacts"; Value = "4"; VariantName = "[No Variations]"
Add component (AddParameter): Name = "Number of Positions"; Value = "4"; VariantName = "[No Variations]"
Add component (AddParameter): Name = "Number of Rows"; Value = "1"; VariantName = "[No Variations]"
Add component (AddParameter): Name = "Orientation"; Value = "Straight"; VariantName = "[No Variations]"
Add component (AddParameter): Name = "Package Quantity"; Value = "500"; VariantName = "[No Variations]"
Add component (AddParameter): Name = "Packaging"; Value = "Bulk"; VariantName = "[No Variations]"
Add component (AddParameter): Name = "Pitch"; Value = "2.5mm"; VariantName = "[No Variations]"
Add component (AddParameter): Name = "REACH SVHC"; Value = "No SVHC"; VariantName = "[No Variations]"
Add component (AddParameter): Name = "Series"; Value = "XH"; VariantName = "[No Variations]"
Add component (AddParameter): Name = "Termination"; Value = "Solder"; VariantName = "[No Variations]"
Add component (AddParameter): Name = "Voltage Rating"; Value = "250V"; VariantName = "[No Variations]"
Add component (AddParameter): Name = "Voltage Rating (AC)"; Value = "250V"; VariantName = "[No Variations]"
Add component (AddParameter): Name = "Wire/Cable Gauge"; Value = "22AWG"; VariantName = "[No Variations]"
Add component: Footprint Not Found INDPM6054X300N
Add component: Footprint Not Found FERD20U50DJFTR
Add component: Footprint Not Found FERD20U50DJFTR
Add component: Footprint Not Found FERD20U50DJFTR
Add component: Footprint Not Found FERD20U50DJFTR
Add component: Footprint Not Found FERD20U50DJFTR
Add component: Footprint Not Found FERD20U50DJFTR
Added Component: Designator=R1(FP-AC0603-IPC_C)
Add component (AddParameter): Name = "Case Code (Imperial)"; Value = "0603"; VariantName = "[No Variations]"
Add component (AddParameter): Name = "Case Code (Metric)"; Value = "1608"; VariantName = "[No Variations]"
Add component (AddParameter): Name = "Case/Package"; Value = "0603"; VariantName = "[No Variations]"
Add component (AddParameter): Name = "Features"; Value = "Moisture Resistant"; VariantName = "[No Variations]"
Add component (AddParameter): Name = "Height"; Value = "0.45mm"; VariantName = "[No Variations]"
Add component (AddParameter): Name = "Length"; Value = "1.6mm"; VariantName = "[No Variations]"
Add component (AddParameter): Name = "Max Operating Temperature"; Value = "155°C"; VariantName = "[No Variations]"
Add component (AddParameter): Name = "Max Power Dissipation"; Value = "100mW"; VariantName = "[No Variations]"
Add component (AddParameter): Name = "Min Operating Temperature"; Value = "-55°C"; VariantName = "[No Variations]"
Add component (AddParameter): Name = "Number of Terminations"; Value = "2"; VariantName = "[No Variations]"
Add component (AddParameter): Name = "Packaging"; Value = "Tape and Reel"; VariantName = "[No Variations]"
Add component (AddParameter): Name = "Power Rating"; Value = "100mW"; VariantName = "[No Variations]"
Add component (AddParameter): Name = "Ratings"; Value = "AEC-Q200"; VariantName = "[No Variations]"
Add component (AddParameter): Name = "Resistance"; Value = "330R"; VariantName = "[No Variations]"
Add component (AddParameter): Name = "Resistor Type"; Value = "Thick Film"; VariantName = "[No Variations]"
Add component (AddParameter): Name = "RoHS Compliant"; Value = "Yes"; VariantName = "[No Variations]"
Add component (AddParameter): Name = "Series"; Value = "AC"; VariantName = "[No Variations]"
Add component (AddParameter): Name = "Temperature Coefficient"; Value = "100ppm/°C"; VariantName = "[No Variations]"
Add component (AddParameter): Name = "Termination"; Value = "SMD/SMT"; VariantName = "[No Variations]"
Add component (AddParameter): Name = "Tolerance"; Value = "5%"; VariantName = "[No Variations]"
Add component (AddParameter): Name = "Voltage Rating"; Value = "50V"; VariantName = "[No Variations]"
Add component (AddParameter): Name = "Weight"; Value = "7.1E-05oz"; VariantName = "[No Variations]"
Add component (AddParameter): Name = "Width"; Value = "0.8mm"; VariantName = "[No Variations]"
Added Component: Designator=R?(RESC1608X55X25LL10T15)
Add component (AddParameter): Name = "Manufacturer"; Value = "Yageo"; VariantName = "[No Variations]"
Add component (AddParameter): Name = "Part Number"; Value = "RC0603FR-102K2L"; VariantName = "[No Variations]"
Added Component: Designator=R?(FP-NCP18-0_15-IPC_A)
Add component (AddParameter): Name = "Accuracy"; Value = "0.7%"; VariantName = "[No Variations]"
Add component (AddParameter): Name = "Case Code (Imperial)"; Value = "0603"; VariantName = "[No Variations]"
Add component (AddParameter): Name = "Case Code (Metric)"; Value = "1608"; VariantName = "[No Variations]"
Add component (AddParameter): Name = "Case/Package"; Value = "0603"; VariantName = "[No Variations]"
Add component (AddParameter): Name = "Current Rating"; Value = "310uA"; VariantName = "[No Variations]"
Add component (AddParameter): Name = "Depth"; Value = "0.8mm"; VariantName = "[No Variations]"
Add component (AddParameter): Name = "Height"; Value = "0.8mm"; VariantName = "[No Variations]"
Add component (AddParameter): Name = "Lead Free"; Value = "Lead Free"; VariantName = "[No Variations]"
Add component (AddParameter): Name = "Length"; Value = "1.6mm"; VariantName = "[No Variations]"
Add component (AddParameter): Name = "Manufacturer Series"; Value = "NCP18"; VariantName = "[No Variations]"
Add component (AddParameter): Name = "Max Operating Temperature"; Value = "125°C"; VariantName = "[No Variations]"
Add component (AddParameter): Name = "Max Power Dissipation"; Value = "100mW"; VariantName = "[No Variations]"
Add component (AddParameter): Name = "Min Operating Temperature"; Value = "-40°C"; VariantName = "[No Variations]"
Add component (AddParameter): Name = "Mount"; Value = "Surface Mount"; VariantName = "[No Variations]"
Add component (AddParameter): Name = "Number of Pins"; Value = "2"; VariantName = "[No Variations]"
Add component (AddParameter): Name = "Number of Terminals/Pins"; Value = "2"; VariantName = "[No Variations]"
Add component (AddParameter): Name = "Package Quantity"; Value = "1"; VariantName = "[No Variations]"
Add component (AddParameter): Name = "Package Shape"; Value = "Rectangular"; VariantName = "[No Variations]"
Add component (AddParameter): Name = "Packaging"; Value = "Tape and Reel"; VariantName = "[No Variations]"
Add component (AddParameter): Name = "Power Rating"; Value = "100mW"; VariantName = "[No Variations]"
Add component (AddParameter): Name = "Radiation Hardening"; Value = "No"; VariantName = "[No Variations]"
Add component (AddParameter): Name = "REACH SVHC"; Value = "No SVHC"; VariantName = "[No Variations]"
Add component (AddParameter): Name = "Resistance"; Value = "10kR"; VariantName = "[No Variations]"
Add component (AddParameter): Name = "Resistance Tolerance"; Value = "1%"; VariantName = "[No Variations]"
Add component (AddParameter): Name = "RoHS Compliant"; Value = "Yes"; VariantName = "[No Variations]"
Add component (AddParameter): Name = "Series"; Value = "NCP"; VariantName = "[No Variations]"
Add component (AddParameter): Name = "Terminal Finish"; Value = "Tin"; VariantName = "[No Variations]"
Add component (AddParameter): Name = "Terminal Placement"; Value = "Dual"; VariantName = "[No Variations]"
Add component (AddParameter): Name = "Termination"; Value = "SMD/SMT"; VariantName = "[No Variations]"
Add component (AddParameter): Name = "Thermistor Application"; Value = "TEMPERATURE COMPENSATION"; VariantName = "[No Variations]"
Add component (AddParameter): Name = "Tolerance"; Value = "1%"; VariantName = "[No Variations]"
Added Component: Designator=R?(FP-CRGP0402-IPC_C)
Add component (AddParameter): Name = "Automotive"; Value = "No"; VariantName = "[No Variations]"
Add component (AddParameter): Name = "Category"; Value = "Res"; VariantName = "[No Variations]"
Add component (AddParameter): Name = "ComponentLink2Description"; Value = "Datasheet"; VariantName = "[No Variations]"
Add component (AddParameter): Name = "ComponentLink2URL"; Value = "https://www.mouser.ca/datasheet/2/418/NG_DS_9-1773463-9_A-1358566.pdf"; VariantName = "[No Variations]"
Add component (AddParameter): Name = "Composition"; Value = "Thick Film"; VariantName = "[No Variations]"
Add component (AddParameter): Name = "Device Class L1"; Value = "Passive Components"; VariantName = "[No Variations]"
Add component (AddParameter): Name = "Device Class L2"; Value = "Resistors"; VariantName = "[No Variations]"
Add component (AddParameter): Name = "Device Class L3"; Value = "Chip SMD Resistors"; VariantName = "[No Variations]"
Add component (AddParameter): Name = "Digikey Description"; Value = "SMD Precision Pulse Thick Film Chip Resistor"; VariantName = "[No Variations]"
Add component (AddParameter): Name = "Height"; Value = "0.4mm"; VariantName = "[No Variations]"
Add component (AddParameter): Name = "Ipc Land Pattern Name"; Value = "RESC11050X35"; VariantName = "[No Variations]"
Add component (AddParameter): Name = "Lead Free"; Value = "Yes"; VariantName = "[No Variations]"
Add component (AddParameter): Name = "Manufacturer"; Value = "TE"; VariantName = "[No Variations]"
Add component (AddParameter): Name = "Manufacturer Part Number"; Value = "CRGP0402F100K"; VariantName = "[No Variations]"
Add component (AddParameter): Name = "Octopart"; Value = "https://octopart.com/crgp0402f100k-te+connectivity-91018658"; VariantName = "[No Variations]"
Add component (AddParameter): Name = "Package"; Value = "CRGP0402"; VariantName = "[No Variations]"
Add component (AddParameter): Name = "Power Rating"; Value = "0.125W"; VariantName = "[No Variations]"
Add component (AddParameter): Name = "Resistance"; Value = "100KO"; VariantName = "[No Variations]"
Add component (AddParameter): Name = "RoHS"; Value = "TRUE"; VariantName = "[No Variations]"
Add component (AddParameter): Name = "Series"; Value = "CRGP"; VariantName = "[No Variations]"
Add component (AddParameter): Name = "Temperature"; Value = "-55°C to +155°C"; VariantName = "[No Variations]"
Add component (AddParameter): Name = "Temperature Coefficient"; Value = "±100ppm/°C"; VariantName = "[No Variations]"
Add component (AddParameter): Name = "Temperature Range High"; Value = "+155°C"; VariantName = "[No Variations]"
Add component (AddParameter): Name = "Temperature Range Low"; Value = "-55°C"; VariantName = "[No Variations]"
Add component (AddParameter): Name = "Tolerance"; Value = "0.01"; VariantName = "[No Variations]"
Add component (AddParameter): Name = "Value"; Value = "100KO"; VariantName = "[No Variations]"
Add component (AddParameter): Name = "Voltage Rating"; Value = "50V"; VariantName = "[No Variations]"
Added Component: Designator=R?(FP-MCT0603-IPC_C)
Add component (AddParameter): Name = "Case/Package"; Value = "0603"; VariantName = "[No Variations]"
Add component (AddParameter): Name = "Composition"; Value = "Thin Film"; VariantName = "[No Variations]"
Add component (AddParameter): Name = "Depth"; Value = "0.85mm"; VariantName = "[No Variations]"
Add component (AddParameter): Name = "Height"; Value = "0.022inch"; VariantName = "[No Variations]"
Add component (AddParameter): Name = "Lead Free"; Value = "Lead Free"; VariantName = "[No Variations]"
Add component (AddParameter): Name = "Length"; Value = "0.061inch"; VariantName = "[No Variations]"
Add component (AddParameter): Name = "Max Operating Temperature"; Value = "125°C"; VariantName = "[No Variations]"
Add component (AddParameter): Name = "Max Power Dissipation"; Value = "100mW"; VariantName = "[No Variations]"
Add component (AddParameter): Name = "Military Standard"; Value = "Not"; VariantName = "[No Variations]"
Add component (AddParameter): Name = "Min Operating Temperature"; Value = "-55°C"; VariantName = "[No Variations]"
Add component (AddParameter): Name = "Number of Terminations"; Value = "2"; VariantName = "[No Variations]"
Add component (AddParameter): Name = "Packaging"; Value = "Tape and Reel"; VariantName = "[No Variations]"
Add component (AddParameter): Name = "Resistance"; Value = "10kR"; VariantName = "[No Variations]"
Add component (AddParameter): Name = "Temperature Coefficient"; Value = "50ppm/°C"; VariantName = "[No Variations]"
Add component (AddParameter): Name = "Tolerance"; Value = "1%"; VariantName = "[No Variations]"
Add component (AddParameter): Name = "Width"; Value = "0.033inch"; VariantName = "[No Variations]"
Added Component: Designator=R?(RESC1608X55X25LL10T15)
Add component (AddParameter): Name = "Manufacturer"; Value = "Yageo"; VariantName = "[No Variations]"
Add component (AddParameter): Name = "Part Number"; Value = "RC0603FR-102K2L"; VariantName = "[No Variations]"
Added Component: Designator=R?(RESC1608X55X25LL10T15)
Add component (AddParameter): Name = "Manufacturer"; Value = "Yageo"; VariantName = "[No Variations]"
Add component (AddParameter): Name = "Part Number"; Value = "RC0603JR-101KL"; VariantName = "[No Variations]"
Added Component: Designator=R?(RESC1608X55X25ML10T15)
Add component (AddParameter): Name = "Manufacturer"; Value = "Yageo"; VariantName = "[No Variations]"
Add component (AddParameter): Name = "Part Number"; Value = "RC0603FR-10100RL"; VariantName = "[No Variations]"
Added Component: Designator=R?(RESC1608X55X25ML10T15)
Add component (AddParameter): Name = "Manufacturer"; Value = "Yageo"; VariantName = "[No Variations]"
Add component (AddParameter): Name = "Part Number"; Value = "RC0603FR-10100RL"; VariantName = "[No Variations]"
Added Component: Designator=R?(FP-AC0603-IPC_C)
Add component (AddParameter): Name = "Case Code (Imperial)"; Value = "0603"; VariantName = "[No Variations]"
Add component (AddParameter): Name = "Case Code (Metric)"; Value = "1608"; VariantName = "[No Variations]"
Add component (AddParameter): Name = "Case/Package"; Value = "0603"; VariantName = "[No Variations]"
Add component (AddParameter): Name = "Features"; Value = "Moisture Resistant"; VariantName = "[No Variations]"
Add component (AddParameter): Name = "Height"; Value = "0.45mm"; VariantName = "[No Variations]"
Add component (AddParameter): Name = "Length"; Value = "1.6mm"; VariantName = "[No Variations]"
Add component (AddParameter): Name = "Max Operating Temperature"; Value = "155°C"; VariantName = "[No Variations]"
Add component (AddParameter): Name = "Max Power Dissipation"; Value = "100mW"; VariantName = "[No Variations]"
Add component (AddParameter): Name = "Min Operating Temperature"; Value = "-55°C"; VariantName = "[No Variations]"
Add component (AddParameter): Name = "Number of Terminations"; Value = "2"; VariantName = "[No Variations]"
Add component (AddParameter): Name = "Packaging"; Value = "Tape and Reel"; VariantName = "[No Variations]"
Add component (AddParameter): Name = "Power Rating"; Value = "100mW"; VariantName = "[No Variations]"
Add component (AddParameter): Name = "Ratings"; Value = "AEC-Q200"; VariantName = "[No Variations]"
Add component (AddParameter): Name = "Resistance"; Value = "330R"; VariantName = "[No Variations]"
Add component (AddParameter): Name = "Resistor Type"; Value = "Thick Film"; VariantName = "[No Variations]"
Add component (AddParameter): Name = "RoHS Compliant"; Value = "Yes"; VariantName = "[No Variations]"
Add component (AddParameter): Name = "Series"; Value = "AC"; VariantName = "[No Variations]"
Add component (AddParameter): Name = "Temperature Coefficient"; Value = "100ppm/°C"; VariantName = "[No Variations]"
Add component (AddParameter): Name = "Termination"; Value = "SMD/SMT"; VariantName = "[No Variations]"
Add component (AddParameter): Name = "Tolerance"; Value = "5%"; VariantName = "[No Variations]"
Add component (AddParameter): Name = "Voltage Rating"; Value = "50V"; VariantName = "[No Variations]"
Add component (AddParameter): Name = "Weight"; Value = "7.1E-05oz"; VariantName = "[No Variations]"
Add component (AddParameter): Name = "Width"; Value = "0.8mm"; VariantName = "[No Variations]"
Added Component: Designator=R?(FP-MCT0603-IPC_C)
Add component (AddParameter): Name = "Case Code (Imperial)"; Value = "0603"; VariantName = "[No Variations]"
Add component (AddParameter): Name = "Case Code (Metric)"; Value = "1608"; VariantName = "[No Variations]"
Add component (AddParameter): Name = "Case/Package"; Value = "0603"; VariantName = "[No Variations]"
Add component (AddParameter): Name = "Composition"; Value = "Thin Film"; VariantName = "[No Variations]"
Add component (AddParameter): Name = "Contact Plating"; Value = "Tin"; VariantName = "[No Variations]"
Add component (AddParameter): Name = "Depth"; Value = "0.85mm"; VariantName = "[No Variations]"
Add component (AddParameter): Name = "Height"; Value = "0.022inch"; VariantName = "[No Variations]"
Add component (AddParameter): Name = "Lead Free"; Value = "Lead Free"; VariantName = "[No Variations]"
Add component (AddParameter): Name = "Length"; Value = "1.55mm"; VariantName = "[No Variations]"
Add component (AddParameter): Name = "Max Operating Temperature"; Value = "125°C"; VariantName = "[No Variations]"
Add component (AddParameter): Name = "Max Power Dissipation"; Value = "125mW"; VariantName = "[No Variations]"
Add component (AddParameter): Name = "Military Standard"; Value = "Not"; VariantName = "[No Variations]"
Add component (AddParameter): Name = "Min Operating Temperature"; Value = "-55°C"; VariantName = "[No Variations]"
Add component (AddParameter): Name = "Mount"; Value = "Surface Mount"; VariantName = "[No Variations]"
Add component (AddParameter): Name = "Number of Terminations"; Value = "2"; VariantName = "[No Variations]"
Add component (AddParameter): Name = "Package Quantity"; Value = "1"; VariantName = "[No Variations]"
Add component (AddParameter): Name = "Packaging"; Value = "Tape and Reel"; VariantName = "[No Variations]"
Add component (AddParameter): Name = "Power Rating"; Value = "100mW"; VariantName = "[No Variations]"
Add component (AddParameter): Name = "Radiation Hardening"; Value = "No"; VariantName = "[No Variations]"
Add component (AddParameter): Name = "REACH SVHC"; Value = "No SVHC"; VariantName = "[No Variations]"
Add component (AddParameter): Name = "Resistance"; Value = "0mR"; VariantName = "[No Variations]"
Add component (AddParameter): Name = "Voltage Rating"; Value = "75V"; VariantName = "[No Variations]"
Add component (AddParameter): Name = "Voltage Rating (DC)"; Value = "75V"; VariantName = "[No Variations]"
Add component (AddParameter): Name = "Width"; Value = "0.033inch"; VariantName = "[No Variations]"
Added Component: Designator=R?(FP-AC0603-IPC_A)
Add component (AddParameter): Name = "Case Code (Imperial)"; Value = "0603"; VariantName = "[No Variations]"
Add component (AddParameter): Name = "Case Code (Metric)"; Value = "1608"; VariantName = "[No Variations]"
Add component (AddParameter): Name = "Case/Package"; Value = "0603"; VariantName = "[No Variations]"
Add component (AddParameter): Name = "Features"; Value = "Moisture Resistant"; VariantName = "[No Variations]"
Add component (AddParameter): Name = "Height"; Value = "0.45mm"; VariantName = "[No Variations]"
Add component (AddParameter): Name = "Length"; Value = "1.6mm"; VariantName = "[No Variations]"
Add component (AddParameter): Name = "Max Operating Temperature"; Value = "155°C"; VariantName = "[No Variations]"
Add component (AddParameter): Name = "Max Power Dissipation"; Value = "100mW"; VariantName = "[No Variations]"
Add component (AddParameter): Name = "Min Operating Temperature"; Value = "-55°C"; VariantName = "[No Variations]"
Add component (AddParameter): Name = "Number of Terminations"; Value = "2"; VariantName = "[No Variations]"
Add component (AddParameter): Name = "Packaging"; Value = "Tape and Reel"; VariantName = "[No Variations]"
Add component (AddParameter): Name = "Power Rating"; Value = "100mW"; VariantName = "[No Variations]"
Add component (AddParameter): Name = "Ratings"; Value = "AEC-Q200"; VariantName = "[No Variations]"
Add component (AddParameter): Name = "Resistance"; Value = "220R"; VariantName = "[No Variations]"
Add component (AddParameter): Name = "Resistor Type"; Value = "Thick Film"; VariantName = "[No Variations]"
Add component (AddParameter): Name = "RoHS Compliant"; Value = "Yes"; VariantName = "[No Variations]"
Add component (AddParameter): Name = "Series"; Value = "AC"; VariantName = "[No Variations]"
Add component (AddParameter): Name = "Temperature Coefficient"; Value = "100ppm/°C"; VariantName = "[No Variations]"
Add component (AddParameter): Name = "Termination"; Value = "SMD/SMT"; VariantName = "[No Variations]"
Add component (AddParameter): Name = "Tolerance"; Value = "1%"; VariantName = "[No Variations]"
Add component (AddParameter): Name = "Voltage Rating"; Value = "50V"; VariantName = "[No Variations]"
Add component (AddParameter): Name = "Width"; Value = "0.8mm"; VariantName = "[No Variations]"
Added Component: Designator=R?(RESC1608X55X25ML10T15)
Add component (AddParameter): Name = "Manufacturer"; Value = "Yageo"; VariantName = "[No Variations]"
Add component (AddParameter): Name = "Part Number"; Value = "RC0603FR-10100RL"; VariantName = "[No Variations]"
Added Component: Designator=R?(FP-AC0603-IPC_C)
Add component (AddParameter): Name = "Case Code (Imperial)"; Value = "0603"; VariantName = "[No Variations]"
Add component (AddParameter): Name = "Case Code (Metric)"; Value = "1608"; VariantName = "[No Variations]"
Add component (AddParameter): Name = "Case/Package"; Value = "0603"; VariantName = "[No Variations]"
Add component (AddParameter): Name = "Features"; Value = "Moisture Resistant"; VariantName = "[No Variations]"
Add component (AddParameter): Name = "Height"; Value = "0.45mm"; VariantName = "[No Variations]"
Add component (AddParameter): Name = "Length"; Value = "1.6mm"; VariantName = "[No Variations]"
Add component (AddParameter): Name = "Max Operating Temperature"; Value = "155°C"; VariantName = "[No Variations]"
Add component (AddParameter): Name = "Max Power Dissipation"; Value = "100mW"; VariantName = "[No Variations]"
Add component (AddParameter): Name = "Min Operating Temperature"; Value = "-55°C"; VariantName = "[No Variations]"
Add component (AddParameter): Name = "Number of Terminations"; Value = "2"; VariantName = "[No Variations]"
Add component (AddParameter): Name = "Packaging"; Value = "Tape and Reel"; VariantName = "[No Variations]"
Add component (AddParameter): Name = "Power Rating"; Value = "100mW"; VariantName = "[No Variations]"
Add component (AddParameter): Name = "Ratings"; Value = "AEC-Q200"; VariantName = "[No Variations]"
Add component (AddParameter): Name = "Resistance"; Value = "330R"; VariantName = "[No Variations]"
Add component (AddParameter): Name = "Resistor Type"; Value = "Thick Film"; VariantName = "[No Variations]"
Add component (AddParameter): Name = "RoHS Compliant"; Value = "Yes"; VariantName = "[No Variations]"
Add component (AddParameter): Name = "Series"; Value = "AC"; VariantName = "[No Variations]"
Add component (AddParameter): Name = "Temperature Coefficient"; Value = "100ppm/°C"; VariantName = "[No Variations]"
Add component (AddParameter): Name = "Termination"; Value = "SMD/SMT"; VariantName = "[No Variations]"
Add component (AddParameter): Name = "Tolerance"; Value = "5%"; VariantName = "[No Variations]"
Add component (AddParameter): Name = "Voltage Rating"; Value = "50V"; VariantName = "[No Variations]"
Add component (AddParameter): Name = "Weight"; Value = "7.1E-05oz"; VariantName = "[No Variations]"
Add component (AddParameter): Name = "Width"; Value = "0.8mm"; VariantName = "[No Variations]"
Added Component: Designator=R?(FP-MCT0603-IPC_C)
Add component (AddParameter): Name = "Case/Package"; Value = "0603"; VariantName = "[No Variations]"
Add component (AddParameter): Name = "Composition"; Value = "Thin Film"; VariantName = "[No Variations]"
Add component (AddParameter): Name = "Depth"; Value = "0.85mm"; VariantName = "[No Variations]"
Add component (AddParameter): Name = "Height"; Value = "0.022inch"; VariantName = "[No Variations]"
Add component (AddParameter): Name = "Lead Free"; Value = "Lead Free"; VariantName = "[No Variations]"
Add component (AddParameter): Name = "Length"; Value = "0.061inch"; VariantName = "[No Variations]"
Add component (AddParameter): Name = "Max Operating Temperature"; Value = "125°C"; VariantName = "[No Variations]"
Add component (AddParameter): Name = "Max Power Dissipation"; Value = "100mW"; VariantName = "[No Variations]"
Add component (AddParameter): Name = "Military Standard"; Value = "Not"; VariantName = "[No Variations]"
Add component (AddParameter): Name = "Min Operating Temperature"; Value = "-55°C"; VariantName = "[No Variations]"
Add component (AddParameter): Name = "Number of Terminations"; Value = "2"; VariantName = "[No Variations]"
Add component (AddParameter): Name = "Packaging"; Value = "Tape and Reel"; VariantName = "[No Variations]"
Add component (AddParameter): Name = "Resistance"; Value = "10kR"; VariantName = "[No Variations]"
Add component (AddParameter): Name = "Temperature Coefficient"; Value = "50ppm/°C"; VariantName = "[No Variations]"
Add component (AddParameter): Name = "Tolerance"; Value = "1%"; VariantName = "[No Variations]"
Add component (AddParameter): Name = "Width"; Value = "0.033inch"; VariantName = "[No Variations]"
Add component: Footprint Not Found WFCP06121L000FE66
Added Component: Designator=R?(FP-RT0603-MFG)
Add component (AddParameter): Name = "Automotive"; Value = "No"; VariantName = "[No Variations]"
Add component (AddParameter): Name = "Category"; Value = "Res"; VariantName = "[No Variations]"
Add component (AddParameter): Name = "ComponentLink2Description"; Value = "Datasheet"; VariantName = "[No Variations]"
Add component (AddParameter): Name = "ComponentLink2URL"; Value = "http://www.yageo.com/documents/recent/PYu-RT_1-to-0.01_RoHS_L_9.pdf"; VariantName = "[No Variations]"
Add component (AddParameter): Name = "Composition"; Value = "Thin Film"; VariantName = "[No Variations]"
Add component (AddParameter): Name = "Device Class L1"; Value = "Passive Components"; VariantName = "[No Variations]"
Add component (AddParameter): Name = "Device Class L2"; Value = "Resistors"; VariantName = "[No Variations]"
Add component (AddParameter): Name = "Device Class L3"; Value = "Chip SMD Resistors"; VariantName = "[No Variations]"
Add component (AddParameter): Name = "Digikey Description"; Value = "RES SMD 10K OHM 0.1% 1/10W 0603"; VariantName = "[No Variations]"
Add component (AddParameter): Name = "Footprint Url"; Value = "http://www.yageo.com/exep/pages/download/literatures/PYu-R_Mount_10.pdf"; VariantName = "[No Variations]"
Add component (AddParameter): Name = "Height"; Value = "0.55mm"; VariantName = "[No Variations]"
Add component (AddParameter): Name = "Ipc Land Pattern Name"; Value = "RESC16080X45"; VariantName = "[No Variations]"
Add component (AddParameter): Name = "Lead Free"; Value = "Yes"; VariantName = "[No Variations]"
Add component (AddParameter): Name = "Manufacturer"; Value = "Yageo"; VariantName = "[No Variations]"
Add component (AddParameter): Name = "Manufacturer Part Number"; Value = "RT0603BRC0710KL"; VariantName = "[No Variations]"
Add component (AddParameter): Name = "Mouser Description"; Value = "Res Thin Film 0603 10K Ohm 0.1% 1/10W ±15ppm/°C Molded SMD Paper T/R"; VariantName = "[No Variations]"
Add component (AddParameter): Name = "Octopart"; Value = "https://octopart.com/rt0603brc0710kl-yageo-20648660"; VariantName = "[No Variations]"
Add component (AddParameter): Name = "Package"; Value = "RT0603"; VariantName = "[No Variations]"
Add component (AddParameter): Name = "Power Rating"; Value = "0.1W"; VariantName = "[No Variations]"
Add component (AddParameter): Name = "Resistance"; Value = "10KO"; VariantName = "[No Variations]"
Add component (AddParameter): Name = "RoHS"; Value = "TRUE"; VariantName = "[No Variations]"
Add component (AddParameter): Name = "Series"; Value = "RT"; VariantName = "[No Variations]"
Add component (AddParameter): Name = "Temperature"; Value = "-55°C to +155°C"; VariantName = "[No Variations]"
Add component (AddParameter): Name = "Temperature Coefficient"; Value = "15 ppm/°C"; VariantName = "[No Variations]"
Add component (AddParameter): Name = "Temperature Range High"; Value = "+155°C"; VariantName = "[No Variations]"
Add component (AddParameter): Name = "Temperature Range Low"; Value = "-55°C"; VariantName = "[No Variations]"
Add component (AddParameter): Name = "Tolerance"; Value = "0.001"; VariantName = "[No Variations]"
Add component (AddParameter): Name = "Value"; Value = "10KO"; VariantName = "[No Variations]"
Add component (AddParameter): Name = "Voltage Rating"; Value = "75V"; VariantName = "[No Variations]"
Added Component: Designator=R?(RESC1608X55X25LL10T15)
Add component (AddParameter): Name = "Manufacturer"; Value = "Yageo"; VariantName = "[No Variations]"
Add component (AddParameter): Name = "Part Number"; Value = "RC0603JR-1010KL"; VariantName = "[No Variations]"
Added Component: Designator=R?(FP-RT0603-MFG)
Add component (AddParameter): Name = "Automotive"; Value = "No"; VariantName = "[No Variations]"
Add component (AddParameter): Name = "Category"; Value = "Res"; VariantName = "[No Variations]"
Add component (AddParameter): Name = "ComponentLink2Description"; Value = "Datasheet"; VariantName = "[No Variations]"
Add component (AddParameter): Name = "ComponentLink2URL"; Value = "http://www.yageo.com/documents/recent/PYu-RT_1-to-0.01_RoHS_L_9.pdf"; VariantName = "[No Variations]"
Add component (AddParameter): Name = "Composition"; Value = "Thin Film"; VariantName = "[No Variations]"
Add component (AddParameter): Name = "Device Class L1"; Value = "Passive Components"; VariantName = "[No Variations]"
Add component (AddParameter): Name = "Device Class L2"; Value = "Resistors"; VariantName = "[No Variations]"
Add component (AddParameter): Name = "Device Class L3"; Value = "Chip SMD Resistors"; VariantName = "[No Variations]"
Add component (AddParameter): Name = "Digikey Description"; Value = "RES SMD 120 OHM 0.1% 1/10W 0603"; VariantName = "[No Variations]"
Add component (AddParameter): Name = "Footprint Url"; Value = "http://www.yageo.com/exep/pages/download/literatures/PYu-R_Mount_10.pdf"; VariantName = "[No Variations]"
Add component (AddParameter): Name = "Height"; Value = "0.55mm"; VariantName = "[No Variations]"
Add component (AddParameter): Name = "Ipc Land Pattern Name"; Value = "RESC16080X45"; VariantName = "[No Variations]"
Add component (AddParameter): Name = "Lead Free"; Value = "Yes"; VariantName = "[No Variations]"
Add component (AddParameter): Name = "Manufacturer"; Value = "Yageo"; VariantName = "[No Variations]"
Add component (AddParameter): Name = "Manufacturer Part Number"; Value = "RT0603BRC07120RL"; VariantName = "[No Variations]"
Add component (AddParameter): Name = "Octopart"; Value = "https://octopart.com/rt0603brc07120rl-yageo-56543448"; VariantName = "[No Variations]"
Add component (AddParameter): Name = "Package"; Value = "RT0603"; VariantName = "[No Variations]"
Add component (AddParameter): Name = "Power Rating"; Value = "0.1W"; VariantName = "[No Variations]"
Add component (AddParameter): Name = "Resistance"; Value = "120O"; VariantName = "[No Variations]"
Add component (AddParameter): Name = "RoHS"; Value = "TRUE"; VariantName = "[No Variations]"
Add component (AddParameter): Name = "Series"; Value = "RT"; VariantName = "[No Variations]"
Add component (AddParameter): Name = "Temperature"; Value = "-55°C to +155°C"; VariantName = "[No Variations]"
Add component (AddParameter): Name = "Temperature Coefficient"; Value = "15 ppm/°C"; VariantName = "[No Variations]"
Add component (AddParameter): Name = "Temperature Range High"; Value = "+155°C"; VariantName = "[No Variations]"
Add component (AddParameter): Name = "Temperature Range Low"; Value = "-55°C"; VariantName = "[No Variations]"
Add component (AddParameter): Name = "Tolerance"; Value = "0.001"; VariantName = "[No Variations]"
Add component (AddParameter): Name = "Value"; Value = "120O"; VariantName = "[No Variations]"
Add component (AddParameter): Name = "Voltage Rating"; Value = "75V"; VariantName = "[No Variations]"
Add component: Footprint Not Found WFCP06121L000FE66
Added Component: Designator=R?(RESC1608X55X25NL10T15)
Add component (AddParameter): Name = "Capacitance"; Value = "1.8E-11 f"; VariantName = "[No Variations]"
Add component (AddParameter): Name = "Case/Package"; Value = "CSMD"; VariantName = "[No Variations]"
Add component (AddParameter): Name = "ComponentLink1Description"; Value = "Manufacturer URL"; VariantName = "[No Variations]"
Add component (AddParameter): Name = "ComponentLink1URL"; Value = "http://www.yageo.com/"; VariantName = "[No Variations]"
Add component (AddParameter): Name = "ComponentLink2Description"; Value = "Datasheet"; VariantName = "[No Variations]"
Add component (AddParameter): Name = "ComponentLink2URL"; Value = "http://www.yageo.com/documents/recent/PYu-RC_Group_51_RoHS_L_04.pdf"; VariantName = "[No Variations]"
Add component (AddParameter): Name = "DatasheetVersion"; Value = "Rev. 4, 02/2016"; VariantName = "[No Variations]"
Add component (AddParameter): Name = "ESR"; Value = "70 Ohm"; VariantName = "[No Variations]"
Add component (AddParameter): Name = "Frequency"; Value = "12 MHz"; VariantName = "[No Variations]"
Add component (AddParameter): Name = "Frequency Tolerance"; Value = "20ppm"; VariantName = "[No Variations]"
Add component (AddParameter): Name = "Height"; Value = "0.043 inch"; VariantName = "[No Variations]"
Add component (AddParameter): Name = "Length"; Value = "0.197 inch"; VariantName = "[No Variations]"
Add component (AddParameter): Name = "Load Capacitance"; Value = "18 pF"; VariantName = "[No Variations]"
Add component (AddParameter): Name = "Max Operating Temperature"; Value = "70degC"; VariantName = "[No Variations]"
Add component (AddParameter): Name = "Min Operating Temperature"; Value = "-20degC"; VariantName = "[No Variations]"
Add component (AddParameter): Name = "Mount"; Value = "Surface Mount"; VariantName = "[No Variations]"
Add component (AddParameter): Name = "Package Quantity"; Value = "1000"; VariantName = "[No Variations]"
Add component (AddParameter): Name = "PackageDescription"; Value = "2-Pin Surface Mount Device, Body 1.6 x 0.8 mm"; VariantName = "[No Variations]"
Add component (AddParameter): Name = "PackageReference"; Value = "0603"; VariantName = "[No Variations]"
Add component (AddParameter): Name = "Packaging"; Value = "Tape and Reel"; VariantName = "[No Variations]"
Add component (AddParameter): Name = "Pins"; Value = "4"; VariantName = "[No Variations]"
Add component (AddParameter): Name = "Radiation Hardening"; Value = "No"; VariantName = "[No Variations]"
Add component (AddParameter): Name = "REACH SVHC"; Value = "No SVHC"; VariantName = "[No Variations]"
Add component (AddParameter): Name = "Resistance"; Value = "70 Ohm"; VariantName = "[No Variations]"
Add component (AddParameter): Name = "RoHSCompliant"; Value = "True"; VariantName = "[No Variations]"
Add component (AddParameter): Name = "Tolerance"; Value = "20ppm"; VariantName = "[No Variations]"
Add component (AddParameter): Name = "Width"; Value = "0.126 inch"; VariantName = "[No Variations]"
Add component: Footprint Not Found WFCP06121L000FE66
Added Component: Designator=R?(RESC1608X55X25LL10T15)
Add component (AddParameter): Name = "Manufacturer"; Value = "Yageo"; VariantName = "[No Variations]"
Add component (AddParameter): Name = "Part Number"; Value = "RC0603FR-102K2L"; VariantName = "[No Variations]"
Added Component: Designator=R?(FP-MCT0603-IPC_C)
Add component (AddParameter): Name = "Case/Package"; Value = "0603"; VariantName = "[No Variations]"
Add component (AddParameter): Name = "Composition"; Value = "Thin Film"; VariantName = "[No Variations]"
Add component (AddParameter): Name = "Depth"; Value = "0.85mm"; VariantName = "[No Variations]"
Add component (AddParameter): Name = "Height"; Value = "0.022inch"; VariantName = "[No Variations]"
Add component (AddParameter): Name = "Lead Free"; Value = "Lead Free"; VariantName = "[No Variations]"
Add component (AddParameter): Name = "Length"; Value = "0.061inch"; VariantName = "[No Variations]"
Add component (AddParameter): Name = "Max Operating Temperature"; Value = "125°C"; VariantName = "[No Variations]"
Add component (AddParameter): Name = "Max Power Dissipation"; Value = "100mW"; VariantName = "[No Variations]"
Add component (AddParameter): Name = "Military Standard"; Value = "Not"; VariantName = "[No Variations]"
Add component (AddParameter): Name = "Min Operating Temperature"; Value = "-55°C"; VariantName = "[No Variations]"
Add component (AddParameter): Name = "Number of Terminations"; Value = "2"; VariantName = "[No Variations]"
Add component (AddParameter): Name = "Packaging"; Value = "Tape and Reel"; VariantName = "[No Variations]"
Add component (AddParameter): Name = "Resistance"; Value = "10kR"; VariantName = "[No Variations]"
Add component (AddParameter): Name = "Temperature Coefficient"; Value = "50ppm/°C"; VariantName = "[No Variations]"
Add component (AddParameter): Name = "Tolerance"; Value = "1%"; VariantName = "[No Variations]"
Add component (AddParameter): Name = "Width"; Value = "0.033inch"; VariantName = "[No Variations]"
Added Component: Designator=R?(FP-AC0603-IPC_A)
Added Component: Designator=R?(RESC1608X55X25ML10T15)
Add component (AddParameter): Name = "Manufacturer"; Value = "Yageo"; VariantName = "[No Variations]"
Add component (AddParameter): Name = "Part Number"; Value = "RC0603FR-13100KL"; VariantName = "[No Variations]"
Added Component: Designator=R?(RESC1608X55X25LL10T15)
Add component (AddParameter): Name = "Manufacturer"; Value = "Yageo"; VariantName = "[No Variations]"
Add component (AddParameter): Name = "Part Number"; Value = "RC0603JR-1010KL"; VariantName = "[No Variations]"
Added Component: Designator=R?(FP-AC0603-IPC_A)
Added Component: Designator=U1(UFQFPN-48_7X7X0P55MM)
Add component (AddParameter): Name = "Copyright"; Value = "Copyright (C) 2025 Ultra Librarian. All rights reserved."; VariantName = "[No Variations]"
Add component (AddParameter): Name = "Datasheet"; Value = "https://www.st.com/resource/en/datasheet/stm32g431c6.pdf"; VariantName = "[No Variations]"
Add component (AddParameter): Name = "Manufacturer_Name"; Value = "STMicroelectronics"; VariantName = "[No Variations]"
Add component (AddParameter): Name = "Manufacturer_Part_Number"; Value = "STM32G431CBU6"; VariantName = "[No Variations]"
Add component (AddParameter): Name = "RefDes"; Value = "RefDes"; VariantName = "[No Variations]"
Add component (AddParameter): Name = "Type"; Value = "Type"; VariantName = "[No Variations]"
Added Component: Designator=U2(FP-RGZ0048A-MFG)
Add component (AddParameter): Name = "Ambient Temperature Range High"; Value = "+125°C"; VariantName = "[No Variations]"
Add component (AddParameter): Name = "Ambient Temperature Range Low"; Value = "-40°C"; VariantName = "[No Variations]"
Add component (AddParameter): Name = "Automotive"; Value = "No"; VariantName = "[No Variations]"
Add component (AddParameter): Name = "Category"; Value = "IC"; VariantName = "[No Variations]"
Add component (AddParameter): Name = "ComponentLink2Description"; Value = "Datasheet"; VariantName = "[No Variations]"
Add component (AddParameter): Name = "ComponentLink2URL"; Value = "http://www.ti.com/lit/ds/symlink/drv8323r.pdf"; VariantName = "[No Variations]"
Add component (AddParameter): Name = "Device Class L1"; Value = "Integrated Circuits (ICs)"; VariantName = "[No Variations]"
Add component (AddParameter): Name = "Device Class L2"; Value = "Power Management ICs"; VariantName = "[No Variations]"
Add component (AddParameter): Name = "Device Class L3"; Value = "Motor Drivers"; VariantName = "[No Variations]"
Add component (AddParameter): Name = "Digikey Description"; Value = "IC MTR DRV MULTIPHAS 6-60V 48QFN"; VariantName = "[No Variations]"
Add component (AddParameter): Name = "Height"; Value = "1mm"; VariantName = "[No Variations]"
Add component (AddParameter): Name = "Lead Free"; Value = "Yes"; VariantName = "[No Variations]"
Add component (AddParameter): Name = "Manufacturer"; Value = "Texas Instruments"; VariantName = "[No Variations]"
Add component (AddParameter): Name = "Manufacturer Part Number"; Value = "DRV8323RSRGZR"; VariantName = "[No Variations]"
Add component (AddParameter): Name = "Max Junction Temp"; Value = "+150°C"; VariantName = "[No Variations]"
Add component (AddParameter): Name = "Max Supply Voltage"; Value = "60V"; VariantName = "[No Variations]"
Add component (AddParameter): Name = "Min Supply Voltage"; Value = "4V"; VariantName = "[No Variations]"
Add component (AddParameter): Name = "Motor Type"; Value = "Brushless DC"; VariantName = "[No Variations]"
Add component (AddParameter): Name = "Mouser Description"; Value = "Triple Half Bridge Motor Driver 48-Pin VQFN EP T/R"; VariantName = "[No Variations]"
Add component (AddParameter): Name = "Nominal Supply Current"; Value = "10.5mA"; VariantName = "[No Variations]"
Add component (AddParameter): Name = "Octopart"; Value = "https://octopart.com/drv8323rsrgzr-texas+instruments-80665177"; VariantName = "[No Variations]"
Add component (AddParameter): Name = "Output Current"; Value = "5mA"; VariantName = "[No Variations]"
Add component (AddParameter): Name = "Package"; Value = "RGZ0048A"; VariantName = "[No Variations]"
Add component (AddParameter): Name = "RoHS"; Value = "TRUE"; VariantName = "[No Variations]"
Add component (AddParameter): Name = "Standoff Height"; Value = "0mm"; VariantName = "[No Variations]"
Add component (AddParameter): Name = "Switching Frequency"; Value = "700kHz"; VariantName = "[No Variations]"
Add component (AddParameter): Name = "Temperature"; Value = "-40°C to +125°C"; VariantName = "[No Variations]"
Add component (AddParameter): Name = "Temperature Range High"; Value = "+125°C"; VariantName = "[No Variations]"
Add component (AddParameter): Name = "Temperature Range Low"; Value = "-40°C"; VariantName = "[No Variations]"
Added Component: Designator=U?(FP-DCN0008A-IPC_C)
Add component (AddParameter): Name = "Case/Package"; Value = "SOT-23-8"; VariantName = "[No Variations]"
Add component (AddParameter): Name = "Data Rate"; Value = "1Mbps"; VariantName = "[No Variations]"
Add component (AddParameter): Name = "Lead Free"; Value = "Lead Free"; VariantName = "[No Variations]"
Add component (AddParameter): Name = "Max Operating Temperature"; Value = "125°C"; VariantName = "[No Variations]"
Add component (AddParameter): Name = "Min Operating Temperature"; Value = "-40°C"; VariantName = "[No Variations]"
Add component (AddParameter): Name = "Mount"; Value = "Surface Mount"; VariantName = "[No Variations]"
Add component (AddParameter): Name = "Packaging"; Value = "Cut Tape"; VariantName = "[No Variations]"
Add component (AddParameter): Name = "Receiver Hysteresis"; Value = "120mV"; VariantName = "[No Variations]"
Add component (AddParameter): Name = "RoHS Compliant"; Value = "Yes"; VariantName = "[No Variations]"
Added Component: Designator=Y1(FP-CSTNE8M00GH5C000R0-MFG)
Add component (AddParameter): Name = "Capacitance"; Value = "33pF"; VariantName = "[No Variations]"
Add component (AddParameter): Name = "Case/Package"; Value = "SMD/SMT"; VariantName = "[No Variations]"
Add component (AddParameter): Name = "Frequency"; Value = "8MHz"; VariantName = "[No Variations]"
Add component (AddParameter): Name = "Frequency Stability"; Value = "0.13%"; VariantName = "[No Variations]"
Add component (AddParameter): Name = "Frequency Tolerance"; Value = "0.07%"; VariantName = "[No Variations]"
Add component (AddParameter): Name = "Impedance"; Value = "40R"; VariantName = "[No Variations]"
Add component (AddParameter): Name = "Max Operating Temperature"; Value = "125°C"; VariantName = "[No Variations]"
Add component (AddParameter): Name = "Min Operating Temperature"; Value = "-40°C"; VariantName = "[No Variations]"
Add component (AddParameter): Name = "Mount"; Value = "Surface Mount"; VariantName = "[No Variations]"
Add component (AddParameter): Name = "Packaging"; Value = "Tape and Reel"; VariantName = "[No Variations]"
Add component (AddParameter): Name = "Resistor Type"; Value = "Ceramic"; VariantName = "[No Variations]"
Added Pin To Net: NetName=+3V3 Pin=C?-1
Added Pin To Net: NetName=+3V3 Pin=C?-1
Added Pin To Net: NetName=+3V3 Pin=C?-1
Added Pin To Net: NetName=+3V3 Pin=C?-1
Added Pin To Net: NetName=+3V3 Pin=C?-1
Added Pin To Net: NetName=+3V3 Pin=C?-1
Added Pin To Net: NetName=+3V3 Pin=C?-1
Added Pin To Net: NetName=+3V3 Pin=C?-1
Added Pin To Net: NetName=+3V3 Pin=D?-1
Added Pin To Net: NetName=+3V3 Pin=D?-1
Added Pin To Net: NetName=+3V3 Pin=D?-1
Added Pin To Net: NetName=+3V3 Pin=D?-2
Added Pin To Net: NetName=+3V3 Pin=FB1-2
Added Pin To Net: NetName=+3V3 Pin=R?-2
Added Pin To Net: NetName=+3V3 Pin=R?-2
Added Pin To Net: NetName=+3V3 Pin=R?-2
Added Pin To Net: NetName=+3V3 Pin=R?-2
Added Pin To Net: NetName=+3V3 Pin=U1-1
Added Pin To Net: NetName=+3V3 Pin=U1-23
Added Pin To Net: NetName=+3V3 Pin=U1-35
Added Pin To Net: NetName=+3V3 Pin=U1-48
Added Pin To Net: NetName=+3V3 Pin=U2-26
Added Pin To Net: NetName=+3V3 Pin=U?-3
Added Net: Name=+3V3
Added Pin To Net: NetName=+5V Pin=D?-1
Added Net: Name=+5V
Added Pin To Net: NetName=AGND Pin=C?-1
Added Pin To Net: NetName=AGND Pin=C?-1
Added Pin To Net: NetName=AGND Pin=C?-1
Added Pin To Net: NetName=AGND Pin=C?-1
Added Pin To Net: NetName=AGND Pin=C?-1
Added Pin To Net: NetName=AGND Pin=C?-1
Added Pin To Net: NetName=AGND Pin=C?-2
Added Pin To Net: NetName=AGND Pin=C?-2
Added Pin To Net: NetName=AGND Pin=C?-2
Added Pin To Net: NetName=AGND Pin=C?-2
Added Pin To Net: NetName=AGND Pin=C?-2
Added Pin To Net: NetName=AGND Pin=C?-2
Added Pin To Net: NetName=AGND Pin=C?-2
Added Pin To Net: NetName=AGND Pin=C?-2
Added Pin To Net: NetName=AGND Pin=C?-2
Added Pin To Net: NetName=AGND Pin=C?-2
Added Pin To Net: NetName=AGND Pin=C?-2
Added Pin To Net: NetName=AGND Pin=C?-2
Added Pin To Net: NetName=AGND Pin=C?-2
Added Pin To Net: NetName=AGND Pin=D?-2
Added Pin To Net: NetName=AGND Pin=J?-1
Added Pin To Net: NetName=AGND Pin=R1-1
Added Pin To Net: NetName=AGND Pin=R?-1
Added Pin To Net: NetName=AGND Pin=R?-1
Added Pin To Net: NetName=AGND Pin=R?-1
Added Pin To Net: NetName=AGND Pin=R?-1
Added Pin To Net: NetName=AGND Pin=R?-1
Added Pin To Net: NetName=AGND Pin=U1-49
Added Pin To Net: NetName=AGND Pin=U2-2
Added Pin To Net: NetName=AGND Pin=U2-12
Added Pin To Net: NetName=AGND Pin=U2-13
Added Pin To Net: NetName=AGND Pin=U2-22
Added Pin To Net: NetName=AGND Pin=U2-27
Added Pin To Net: NetName=AGND Pin=U2-35
Added Pin To Net: NetName=AGND Pin=U2-43
Added Pin To Net: NetName=AGND Pin=U2-49
Added Pin To Net: NetName=AGND Pin=U?-2
Added Pin To Net: NetName=AGND Pin=Y1-2
Added Net: Name=AGND
Added Pin To Net: NetName=BEMF_A Pin=D?-2
Added Pin To Net: NetName=BEMF_A Pin=R?-1
Added Pin To Net: NetName=BEMF_A Pin=R?-2
Added Pin To Net: NetName=BEMF_A Pin=U1-12
Added Net: Name=BEMF_A
Added Pin To Net: NetName=BEMF_B Pin=D?-2
Added Pin To Net: NetName=BEMF_B Pin=R?-1
Added Pin To Net: NetName=BEMF_B Pin=R?-2
Added Pin To Net: NetName=BEMF_B Pin=U1-16
Added Net: Name=BEMF_B
Added Pin To Net: NetName=BEMF_C Pin=D?-2
Added Pin To Net: NetName=BEMF_C Pin=R?-1
Added Pin To Net: NetName=BEMF_C Pin=R?-2
Added Pin To Net: NetName=BEMF_C Pin=U1-24
Added Net: Name=BEMF_C
Added Pin To Net: NetName=Calibrate Pin=U1-39
Added Pin To Net: NetName=Calibrate Pin=U2-34
Added Net: Name=Calibrate
Added Pin To Net: NetName=CAN-TERM Pin=R?-2
Added Net: Name=CAN-TERM
Added Pin To Net: NetName=CAN_RX Pin=U1-33
Added Net: Name=CAN_RX
Add Net: Net with name "CAN_RX" already exists
Added Pin To Net: NetName=CAN_SHDN Pin=U?-5
Added Net: Name=CAN_SHDN
Add Net: Net with name "CAN_SHDN" already exists
Added Net: Name=CAN_TERM
Added Pin To Net: NetName=CAN_TX Pin=U1-47
Added Net: Name=CAN_TX
Add Net: Net with name "CAN_TX" already exists
Added Pin To Net: NetName=Enable Pin=U1-25
Added Pin To Net: NetName=Enable Pin=U2-33
Added Net: Name=Enable
Added Pin To Net: NetName=ESC_NRST Pin=C?-1
Added Pin To Net: NetName=ESC_NRST Pin=U1-7
Added Net: Name=ESC_NRST
Added Pin To Net: NetName=Fault Pin=R?-1
Added Pin To Net: NetName=Fault Pin=U1-14
Added Pin To Net: NetName=Fault Pin=U2-28
Added Net: Name=Fault
Added Pin To Net: NetName=FB Pin=R?-1
Added Pin To Net: NetName=FB Pin=R?-2
Added Pin To Net: NetName=FB Pin=U2-1
Added Net: Name=FB
Added Pin To Net: NetName=GHA Pin=U2-8
Added Net: Name=GHA
Added Pin To Net: NetName=GHB Pin=U2-17
Added Net: Name=GHB
Added Pin To Net: NetName=GHC Pin=U2-18
Added Net: Name=GHC
Added Pin To Net: NetName=GLA Pin=U2-10
Added Net: Name=GLA
Added Pin To Net: NetName=GLB Pin=U2-15
Added Net: Name=GLB
Added Pin To Net: NetName=GLC Pin=U2-20
Added Net: Name=GLC
Added Pin To Net: NetName=GPIO_BEMF Pin=D?-1
Added Pin To Net: NetName=GPIO_BEMF Pin=D?-1
Added Pin To Net: NetName=GPIO_BEMF Pin=D?-1
Added Pin To Net: NetName=GPIO_BEMF Pin=U1-43
Added Net: Name=GPIO_BEMF
Added Pin To Net: NetName=INHA Pin=U1-31
Added Pin To Net: NetName=INHA Pin=U2-37
Added Net: Name=INHA
Added Pin To Net: NetName=INHB Pin=U1-30
Added Pin To Net: NetName=INHB Pin=U2-39
Added Net: Name=INHB
Added Pin To Net: NetName=INHC Pin=U1-32
Added Pin To Net: NetName=INHC Pin=U2-41
Added Net: Name=INHC
Added Pin To Net: NetName=INLA Pin=U1-34
Added Pin To Net: NetName=INLA Pin=U2-38
Added Net: Name=INLA
Added Pin To Net: NetName=INLB Pin=U1-28
Added Pin To Net: NetName=INLB Pin=U2-40
Added Net: Name=INLB
Added Pin To Net: NetName=INLC Pin=U1-2
Added Pin To Net: NetName=INLC Pin=U2-42
Added Net: Name=INLC
Added Pin To Net: NetName=NetC?_1 Pin=C?-1
Added Pin To Net: NetName=NetC?_1 Pin=R?-1
Added Net: Name=NetC?_1
Add Net: Net with name "NetC?_1" already exists
Add Net: Net with name "NetC?_1" already exists
Add Net: Net with name "NetC?_1" already exists
Add Net: Net with name "NetC?_1" already exists
Added Pin To Net: NetName=NetC?_2 Pin=C?-2
Added Pin To Net: NetName=NetC?_2 Pin=D?-1
Added Pin To Net: NetName=NetC?_2 Pin=U2-45
Added Net: Name=NetC?_2
Add Net: Net with name "NetC?_2" already exists
Add Net: Net with name "NetC?_2" already exists
Add Net: Net with name "NetC?_2" already exists
Add Net: Net with name "NetC?_2" already exists
Add Net: Net with name "NetC?_2" already exists
Added Pin To Net: NetName=NetD?_1 Pin=D?-1
Added Pin To Net: NetName=NetD?_1 Pin=R?-2
Added Net: Name=NetD?_1
Add Net: Net with name "NetD?_1" already exists
Add Net: Net with name "NetD?_1" already exists
Added Pin To Net: NetName=NetD?_2 Pin=D?-2
Added Pin To Net: NetName=NetD?_2 Pin=F?-2
Added Net: Name=NetD?_2
Add Net: Net with name "NetD?_2" already exists
Add Net: Net with name "NetD?_2" already exists
Add Net: Net with name "NetD?_2" already exists
Added Pin To Net: NetName=NetF?_1 Pin=F?-1
Added Pin To Net: NetName=NetF?_1 Pin=J?-4
Added Net: Name=NetF?_1
Added Pin To Net: NetName=NetJ?_2 Pin=J?-2
Added Pin To Net: NetName=NetJ?_2 Pin=R?-1
Added Pin To Net: NetName=NetJ?_2 Pin=U?-6
Added Net: Name=NetJ?_2
Added Pin To Net: NetName=NetR?_1 Pin=R?-1
Added Net: Name=NetR?_1
Add Net: Net with name "NetR?_1" already exists
Add Net: Net with name "NetR?_1" already exists
Add Net: Net with name "NetR?_1" already exists
Add Net: Net with name "NetR?_1" already exists
Added Pin To Net: NetName=NetR?_2 Pin=R?-2
Added Pin To Net: NetName=NetR?_2 Pin=Y1-1
Added Net: Name=NetR?_2
Added Pin To Net: NetName=NetU1_5 Pin=U1-5
Added Pin To Net: NetName=NetU1_5 Pin=Y1-3
Added Net: Name=NetU1_5
Added Pin To Net: NetName=PGND Pin=C?-1
Added Pin To Net: NetName=PGND Pin=C?-1
Added Pin To Net: NetName=PGND Pin=C?-2
Added Pin To Net: NetName=PGND Pin=C?-2
Added Pin To Net: NetName=PGND Pin=C?-2
Added Pin To Net: NetName=PGND Pin=C?-2
Added Net: Name=PGND
Added Pin To Net: NetName=PHASE_B Pin=R?-1
Added Net: Name=PHASE_B
Added Pin To Net: NetName=PHASE_C Pin=R?-1
Added Net: Name=PHASE_C
Added Pin To Net: NetName=PHASE A Pin=R?-1
Added Net: Name=PHASE A
Add Net: Net with name "PHASE A" already exists
Added Pin To Net: NetName=PHASE B Pin=U2-16
Added Net: Name=PHASE B
Added Pin To Net: NetName=PHASE C Pin=U2-19
Added Net: Name=PHASE C
Added Pin To Net: NetName=SCLK Pin=U2-31
Added Net: Name=SCLK
Added Pin To Net: NetName=SCS Pin=U2-32
Added Net: Name=SCS
Added Pin To Net: NetName=SDI Pin=U2-30
Added Net: Name=SDI
Added Pin To Net: NetName=SDO Pin=R?-1
Added Pin To Net: NetName=SDO Pin=U2-29
Added Net: Name=SDO
Added Pin To Net: NetName=SOA Pin=R?-2
Added Pin To Net: NetName=SOA Pin=U2-25
Added Net: Name=SOA
Added Pin To Net: NetName=SOB Pin=R?-2
Added Pin To Net: NetName=SOB Pin=U2-24
Added Net: Name=SOB
Added Pin To Net: NetName=SOC Pin=R?-2
Added Pin To Net: NetName=SOC Pin=U2-23
Added Net: Name=SOC
Added Pin To Net: NetName=SPA Pin=R?-2
Added Pin To Net: NetName=SPA Pin=U2-11
Added Net: Name=SPA
Added Pin To Net: NetName=SPB Pin=R?-2
Added Pin To Net: NetName=SPB Pin=U2-14
Added Net: Name=SPB
Added Pin To Net: NetName=SPC Pin=R?-2
Added Pin To Net: NetName=SPC Pin=U2-21
Added Net: Name=SPC
Added Pin To Net: NetName=STATUS1 Pin=D?-2
Added Pin To Net: NetName=STATUS1 Pin=U1-29
Added Net: Name=STATUS1
Added Pin To Net: NetName=STATUS2 Pin=D?-2
Added Pin To Net: NetName=STATUS2 Pin=U1-22
Added Net: Name=STATUS2
Added Pin To Net: NetName=SWCLK Pin=U1-37
Added Net: Name=SWCLK
Added Pin To Net: NetName=SWDIO Pin=U1-36
Added Net: Name=SWDIO
Added Pin To Net: NetName=Therm Pin=U1-27
Added Net: Name=Therm
Added Pin To Net: NetName=VDRAIN Pin=C?-1
Added Pin To Net: NetName=VDRAIN Pin=C?-1
Added Pin To Net: NetName=VDRAIN Pin=C?-1
Added Pin To Net: NetName=VDRAIN Pin=C?-1
Added Pin To Net: NetName=VDRAIN Pin=C?-1
Added Pin To Net: NetName=VDRAIN Pin=C?-1
Added Pin To Net: NetName=VDRAIN Pin=C?-2
Added Pin To Net: NetName=VDRAIN Pin=C?-2
Added Pin To Net: NetName=VDRAIN Pin=C?-2
Added Pin To Net: NetName=VDRAIN Pin=C?-2
Added Pin To Net: NetName=VDRAIN Pin=R?-2
Added Pin To Net: NetName=VDRAIN Pin=R?-2
Added Pin To Net: NetName=VDRAIN Pin=U2-6
Added Pin To Net: NetName=VDRAIN Pin=U2-7
Added Pin To Net: NetName=VDRAIN Pin=U2-47
Added Net: Name=VDRAIN
Added Pin To Net: NetName=VSENSE Pin=U1-8
Added Net: Name=VSENSE
Added Pin To Net: NetName=Y0 Pin=R?-2
Added Net: Name=Y0
Added Pin To Net: NetName=Z Pin=J?-3
Added Pin To Net: NetName=Z Pin=U?-7
Added Net: Name=Z
Added Class: Name=CAN
Added Class: Name=Gate Drive
Added Class: Name=MCU
Added Class: Name=Sensors
Added Rule: Name=Schematic Supply Nets
Added Rule: Name=Schematic Supply Nets_1
Added Rule: Name=Schematic Supply Nets_2
Added Rule: Name=Schematic Supply Nets_3
Added Rule: Name=Schematic Supply Nets_4
